Workbook

Sheet ПРОСПЕКТА_брики
B1: Регион ММХ | C1: Область | D1: Менеджер | E1: Сотрудник | F1: Эшелон | G1: Брик | H1: Оценка (мп.), % | I1: Оценка общая (рук.), % | J1: Оценка эффективности коммуникации (рук.), % | K1: Оценка навыки продаж (рук.), % | L1: Динамика региона
A2: 0 | B2: Москва | C2: ПроРеспи М4 Восток | D2: Мальцева А.А. | E2: Абазова А.С. | F2: 8. ПРОРЕСПИ_РФ | H2: 0.55882353 | I2: 0.55882353 | J2: =VLOOKUP(E2,'Эффективная коммуникация оценка'!$E$1:$P$297,12,0) -> 0.4 | K2: =VLOOKUP(E2,'навыки техники продаж оценка'!$E$2:$P$297,12,0) -> 0.58333333 | L2: 52.117264
A3: 16 | B3: Москва | C3: ПроРеспи М10 Юго-Запад | D3: Кавунова И.Г. | E3: Антонов Д.А. | F3: 8. ПРОРЕСПИ_РФ | H3: 0.55882353 | I3: 0.64705882 | J3: =VLOOKUP(E3,'Эффективная коммуникация оценка'!$E$1:$P$297,12,0) -> 0.65 | K3: =VLOOKUP(E3,'навыки техники продаж оценка'!$E$2:$P$297,12,0) -> 0.58333333 | L3: 23.721436
A4: 21 | B4: Москва | C4: ПроРеспи М16 Север | D4: Котельникова Е.Б. | E4: Бодрова А.В. | F4: 8. ПРОРЕСПИ_РФ | H4: 0.72058824 | I4: 0.73529412 | J4: =VLOOKUP(E4,'Эффективная коммуникация оценка'!$E$1:$P$297,12,0) -> 0.65 | K4: =VLOOKUP(E4,'навыки техники продаж оценка'!$E$2:$P$297,12,0) -> 0.75 | L4: 43.225331
A5: 47 | B5: Москва | C5: ПроРеспи МО9 ТиНАО | D5: Скрылев А.В. | E5: Прищеп Л.П. | F5: 8. ПРОРЕСПИ_РФ | H5: 0.60294118 | I5: 0.75 | J5: =VLOOKUP(E5,'Эффективная коммуникация оценка'!$E$1:$P$297,12,0) -> 0.8 | K5: =VLOOKUP(E5,'навыки техники продаж оценка'!$E$2:$P$297,12,0) -> 0.66666667 | L5: 50.302623
A6: 60 | B6: Москва | C6: ПроРеспи М1 Восток | D6: Мальцева А.А. | E6: Афанасьева Ю.А. | F6: 8. ПРОРЕСПИ_РФ | H6: 0.52941176 | I6: 0.66176471 | J6: =VLOOKUP(E6,'Эффективная коммуникация оценка'!$E$1:$P$297,12,0) -> 0.7 | K6: =VLOOKUP(E6,'навыки техники продаж оценка'!$E$2:$P$297,12,0) -> 0.66666667 | L6: 36.445444
A7: 75 | B7: Москва | C7: ПроРеспи М14 Юг | D7: Кавунова И.Г. | E7: Семенова Т.Н. | F7: 8. ПРОРЕСПИ_РФ | H7: 0.52941176 | I7: 0.58823529 | J7: =VLOOKUP(E7,'Эффективная коммуникация оценка'!$E$1:$P$297,12,0) -> 0.6 | K7: =VLOOKUP(E7,'навыки техники продаж оценка'!$E$2:$P$297,12,0) -> 0.5 | L7: 15.123457
A8: 78 | B8: Москва | C8: ПроРеспи М11 Юго-Запад | D8: Кавунова И.Г. | E8: Разгуляева Т.А. | F8: 8. ПРОРЕСПИ_РФ | H8: 0.58823529 | I8: 0.64705882 | J8: =VLOOKUP(E8,'Эффективная коммуникация оценка'!$E$1:$P$297,12,0) -> 0.6 | K8: =VLOOKUP(E8,'навыки техники продаж оценка'!$E$2:$P$297,12,0) -> 0.58333333 | L8: 29.177378
A9: 86 | B9: Москва | C9: ПроРеспи М15 Север | D9: Котельникова Е.Б. | E9: Каминский Н.В. | F9: 8. ПРОРЕСПИ_РФ | H9: 0.5 | I9: 0.66176471 | J9: =VLOOKUP(E9,'Эффективная коммуникация оценка'!$E$1:$P$297,12,0) -> 0.55 | K9: =VLOOKUP(E9,'навыки техники продаж оценка'!$E$2:$P$297,12,0) -> 0.5 | L9: 53.347969
A10: 95 | B10: Москва | C10: ПроРеспи М2 Юго-Восток | D10: Мальцева А.А. | E10: Дмитраш А.В. | F10: 8. ПРОРЕСПИ_РФ | H10: 0.35294118 | I10: 0.54411765 | J10: =VLOOKUP(E10,'Эффективная коммуникация оценка'!$E$1:$P$297,12,0) -> 0.55 | K10: =VLOOKUP(E10,'навыки техники продаж оценка'!$E$2:$P$297,12,0) -> 0.58333333 | L10: 27.066667
A11: 99 | B11: Москва | C11: ПроСпец М5 Центр | D11: Мальцева А.А. | E11: Козырева Е.Н. | F11: 8. ПРОСПЕЦ_РФ | H11: 0.55882353 | I11: 0.52941176 | J11: =VLOOKUP(E11,'Эффективная коммуникация оценка'!$E$1:$P$297,12,0) -> 0.6 | K11: =VLOOKUP(E11,'навыки техники продаж оценка'!$E$2:$P$297,12,0) -> 0.5 | L11: 33.369099
A12: 100 | B12: Москва | C12: ПроРеспи М20 Северо-Восток | D12: Котельникова Е.Б. | E12: Кабатова И.А. | F12: 8. ПРОРЕСПИ_РФ | H12: 0.66176471 | I12: 0.69117647 | J12: =VLOOKUP(E12,'Эффективная коммуникация оценка'!$E$1:$P$297,12,0) -> 0.7 | K12: =VLOOKUP(E12,'навыки техники продаж оценка'!$E$2:$P$297,12,0) -> 0.75 | L12: 70.493129
A13: 112 | B13: Москва | C13: ПроСпец М8 Юго- Восток | D13: Мальцева А.А. | E13: Кравцова А.С. | F13: 8. ПРОСПЕЦ_РФ | I13: 0.51470588 | J13: =VLOOKUP(E13,'Эффективная коммуникация оценка'!$E$1:$P$297,12,0) -> 0.55 | K13: =VLOOKUP(E13,'навыки техники продаж оценка'!$E$2:$P$297,12,0) -> 0.5 | L13: 23.695261
A14: 130 | B14: Москва | C14: ПроРеспи М7 Запад | D14: Кавунова И.Г. | E14: Иванова А.В. | F14: 8. ПРОРЕСПИ_РФ | H14: 0.54411765 | I14: 0.60294118 | J14: =VLOOKUP(E14,'Эффективная коммуникация оценка'!$E$1:$P$297,12,0) -> 0.65 | K14: =VLOOKUP(E14,'навыки техники продаж оценка'!$E$2:$P$297,12,0) -> 0.58333333 | L14: 23.989397
A15: 134 | B15: Москва | C15: ПроСпец М6 Центр | D15: Мальцева А.А. | E15: Нефедова Э.С. | F15: 8. ПРОСПЕЦ_РФ | I15: 0.44117647 | J15: =VLOOKUP(E15,'Эффективная коммуникация оценка'!$E$1:$P$297,12,0) -> 0.4 | K15: =VLOOKUP(E15,'навыки техники продаж оценка'!$E$2:$P$297,12,0) -> 0.25 | L15: 30.995792
A16: 159 | B16: Москва | C16: ПроСпец М3 Юг | D16: Кавунова И.Г. | E16: Стрельникова М.Ю. | F16: 8. ПРОСПЕЦ_РФ | I16: 0.73529412 | J16: =VLOOKUP(E16,'Эффективная коммуникация оценка'!$E$1:$P$297,12,0) -> 0.7 | K16: =VLOOKUP(E16,'навыки техники продаж оценка'!$E$2:$P$297,12,0) -> 0.75 | L16: 20.444444
A17: 168 | B17: Москва | C17: ПроРеспи М3 Восток | D17: Котельникова Е.Б. | E17: Каманова А.А. | F17: 8. ПРОРЕСПИ_РФ | H17: 0.54411765 | I17: 0.64705882 | J17: =VLOOKUP(E17,'Эффективная коммуникация оценка'!$E$1:$P$297,12,0) -> 0.65 | K17: =VLOOKUP(E17,'навыки техники продаж оценка'!$E$2:$P$297,12,0) -> 0.5 | L17: 38.821138
A18: 169 | B18: Москва | C18: ПроСпец М11 Северо-Восток | D18: Котельникова Е.Б. | E18: Егорова Т.И. | F18: 8. ПРОСПЕЦ_РФ | H18: 0.48529412 | I18: 0.67647059 | J18: =VLOOKUP(E18,'Эффективная коммуникация оценка'!$E$1:$P$297,12,0) -> 0.65 | K18: =VLOOKUP(E18,'навыки техники продаж оценка'!$E$2:$P$297,12,0) -> 0.58333333 | L18: 55.750118
A19: 190 | B19: Москва | C19: ПроСпец МО8 ТиНАО | D19: Скрылев А.В. | E19: Гарматин В.О. | F19: 8. ПРОСПЕЦ_РФ | I19: 0.5 | J19: =VLOOKUP(E19,'Эффективная коммуникация оценка'!$E$1:$P$297,12,0) -> 0.4 | K19: =VLOOKUP(E19,'навыки техники продаж оценка'!$E$2:$P$297,12,0) -> 0.58333333 | L19: 50.302623
A20: 202 | B20: Москва | C20: ПроРеспи М17 Северо-Запад | D20: Котельникова Е.Б. | E20: Грязнова О.А. | F20: 8. ПРОРЕСПИ_РФ | H20: 0.69117647 | I20: 0.69117647 | J20: =VLOOKUP(E20,'Эффективная коммуникация оценка'!$E$1:$P$297,12,0) -> 0.6 | K20: =VLOOKUP(E20,'навыки техники продаж оценка'!$E$2:$P$297,12,0) -> 0.58333333 | L20: 35.651214
A21: 210 | B21: Москва | C21: ПроРеспи М12 Юг | D21: Кавунова И.Г. | E21: Селезнева Ю.В. | F21: 8. ПРОРЕСПИ_РФ | H21: 0.57352941 | I21: 0.55882353 | J21: =VLOOKUP(E21,'Эффективная коммуникация оценка'!$E$1:$P$297,12,0) -> 0.55 | K21: =VLOOKUP(E21,'навыки техники продаж оценка'!$E$2:$P$297,12,0) -> 0.66666667 | L21: 29.374337
A22: 212 | B22: Москва | C22: ПроРеспи М5 Центр | D22: Мальцева А.А. | E22: Юрова А.В. | F22: 8. ПРОРЕСПИ_РФ | H22: 0.5 | I22: 0.60294118 | J22: =VLOOKUP(E22,'Эффективная коммуникация оценка'!$E$1:$P$297,12,0) -> 0.6 | K22: =VLOOKUP(E22,'навыки техники продаж оценка'!$E$2:$P$297,12,0) -> 0.58333333 | L22: 30.995792
A23: 218 | B23: Москва | C23: ПроСпец М10 Восток-Северо-Восток | D23: Котельникова Е.Б. | E23: Касимова М.М. | F23: 8. ПРОСПЕЦ_РФ | H23: 0.75 | I23: 0.63235294 | J23: =VLOOKUP(E23,'Эффективная коммуникация оценка'!$E$1:$P$297,12,0) -> 0.8 | K23: =VLOOKUP(E23,'навыки техники продаж оценка'!$E$2:$P$297,12,0) -> 0.58333333 | L23: 39.593496
A24: 219 | B24: Москва | C24: ПроРеспи М6 Центр | D24: Мальцева А.А. | E24: Шебалкова Т.Н. | F24: 8. ПРОРЕСПИ_РФ | H24: 0.60294118 | I24: 0.83823529 | J24: =VLOOKUP(E24,'Эффективная коммуникация оценка'!$E$1:$P$297,12,0) -> 0.85 | K24: =VLOOKUP(E24,'навыки техники продаж оценка'!$E$2:$P$297,12,0) -> 0.91666667 | L24: 33.369099
A25: 234 | B25: Москва | C25: ПроСпец М7 Восток | D25: Мальцева А.А. | E25: Сагиндыкова Д.А. | F25: 8. ПРОСПЕЦ_РФ | H25: 0.42647059 | I25: 0.58823529 | J25: =VLOOKUP(E25,'Эффективная коммуникация оценка'!$E$1:$P$297,12,0) -> 0.55 | K25: =VLOOKUP(E25,'навыки техники продаж оценка'!$E$2:$P$297,12,0) -> 0.58333333 | L25: 42.105263
A26: 236 | B26: Москва | C26: ПроСпец М9 Юго- Восток-Юг | D26: Мальцева А.А. | E26: Наумова А.А. | F26: 8. ПРОСПЕЦ_РФ | I26: 0.69117647 | J26: =VLOOKUP(E26,'Эффективная коммуникация оценка'!$E$1:$P$297,12,0) -> 0.85 | K26: =VLOOKUP(E26,'навыки техники продаж оценка'!$E$2:$P$297,12,0) -> 0.58333333 | L26: 46.343975
A27: 240 | B27: Москва | C27: ПроСпец МО11 Север | D27: Скрылев А.В. | E27: Жукова А.И. | F27: 8. ПРОСПЕЦ_РФ | H27: 0.52941176 | I27: 0.76470588 | J27: =VLOOKUP(E27,'Эффективная коммуникация оценка'!$E$1:$P$297,12,0) -> 0.75 | K27: =VLOOKUP(E27,'навыки техники продаж оценка'!$E$2:$P$297,12,0) -> 0.75 | L27: 37.156761
A28: 251 | B28: Москва | C28: ПроСпец М12 Северо-Запад-Север | D28: Котельникова Е.Б. | E28: Веденина Т.Ю. | F28: 8. ПРОСПЕЦ_РФ | H28: 0.66176471 | I28: 0.70588235 | J28: =VLOOKUP(E28,'Эффективная коммуникация оценка'!$E$1:$P$297,12,0) -> 0.65 | K28: =VLOOKUP(E28,'навыки техники продаж оценка'!$E$2:$P$297,12,0) -> 0.66666667 | L28: 21.99842
A29: 7 | B29: Москва | C29: ПроРеспи МО6 Юго-Восток | D29: Давыдова Е.В. | E29: Сурова О.И. | F29: 8. ПРОРЕСПИ_РФ | I29: 0.38235294 | J29: =VLOOKUP(E29,'Эффективная коммуникация оценка'!$E$1:$P$297,12,0) -> 0.4 | K29: =VLOOKUP(E29,'навыки техники продаж оценка'!$E$2:$P$297,12,0) -> 0.25 | L29: 25
A30: 12 | B30: Москва | C30: ПроСпец МО3 Восток | D30: Давыдова Е.В. | E30: Николаева Е.А. | F30: 8. ПРОСПЕЦ_РФ | H30: 0.61764706 | I30: 0.70588235 | J30: =VLOOKUP(E30,'Эффективная коммуникация оценка'!$E$1:$P$297,12,0) -> 0.85 | K30: =VLOOKUP(E30,'навыки техники продаж оценка'!$E$2:$P$297,12,0) -> 0.66666667 | L30: 48.375
A31: 23 | B31: Москва | C31: ПроРеспи МО2 Восток | D31: Давыдова Е.В. | E31: Алешина Л.Г. | F31: 8. ПРОРЕСПИ_РФ | H31: 0.72058824 | I31: 0.64705882 | J31: =VLOOKUP(E31,'Эффективная коммуникация оценка'!$E$1:$P$297,12,0) -> 0.7 | K31: =VLOOKUP(E31,'навыки техники продаж оценка'!$E$2:$P$297,12,0) -> 0.66666667 | L31: 55.400572
A32: 28 | B32: Москва | C32: ПроРеспи МО8 Юг | D32: Скрылев А.В. | E32: Панкратов В.А. | F32: 8. ПРОРЕСПИ_РФ | H32: 0.70588235 | I32: 0.67647059 | J32: =VLOOKUP(E32,'Эффективная коммуникация оценка'!$E$1:$P$297,12,0) -> 0.7 | K32: =VLOOKUP(E32,'навыки техники продаж оценка'!$E$2:$P$297,12,0) -> 0.75 | L32: 23.8972
A33: 40 | B33: Москва | C33: ПроСпец МО4 Восток+Юго-Восток | D33: Давыдова Е.В. | E33: Прудникова Ю.С. | F33: 8. ПРОСПЕЦ_РФ | H33: 0.44117647 | I33: 0.72058824 | J33: =VLOOKUP(E33,'Эффективная коммуникация оценка'!$E$1:$P$297,12,0) -> 0.8 | K33: =VLOOKUP(E33,'навыки техники продаж оценка'!$E$2:$P$297,12,0) -> 0.66666667 | L33: 24.3125
A34: 44 | B34: Москва | C34: ПроРеспи МО5 Юго-Восток | D34: Давыдова Е.В. | E34: Шубин Я.А. | F34: 8. ПРОРЕСПИ_РФ | H34: 0.57352941 | I34: 0.61764706 | J34: =VLOOKUP(E34,'Эффективная коммуникация оценка'!$E$1:$P$297,12,0) -> 0.55 | K34: =VLOOKUP(E34,'навыки техники продаж оценка'!$E$2:$P$297,12,0) -> 0.58333333 | L34: 30.009407
A35: 52 | B35: Москва | C35: ПроСпец МО7 ЮГ | D35: Скрылев А.В. | E35: Туркина В.С. | F35: 8. ПРОСПЕЦ_РФ | H35: 0.52941176 | I35: 0.80882353 | J35: =VLOOKUP(E35,'Эффективная коммуникация оценка'!$E$1:$P$297,12,0) -> 0.85 | K35: =VLOOKUP(E35,'навыки техники продаж оценка'!$E$2:$P$297,12,0) -> 0.83333333 | L35: 40.432326
A36: 59 | B36: Москва | C36: ПроСпец МО5 Юго- и Северо-Восток | D36: Давыдова Е.В. | E36: Лесничая М.А. | F36: 8. ПРОСПЕЦ_РФ | H36: 0.36764706 | I36: 0.60294118 | J36: =VLOOKUP(E36,'Эффективная коммуникация оценка'!$E$1:$P$297,12,0) -> 0.6 | K36: =VLOOKUP(E36,'навыки техники продаж оценка'!$E$2:$P$297,12,0) -> 0.5 | L36: 27.02801
A37: 68 | B37: Москва | C37: ПроСпец МО9 Северо-Запад | D37: Скрылев А.В. | E37: Терзи Т.И. | F37: 8. ПРОСПЕЦ_РФ | H37: 0.55882353 | I37: 0.82352941 | J37: =VLOOKUP(E37,'Эффективная коммуникация оценка'!$E$1:$P$297,12,0) -> 0.85 | K37: =VLOOKUP(E37,'навыки техники продаж оценка'!$E$2:$P$297,12,0) -> 0.91666667 | L37: 51.156662
A38: 124 | B38: Москва | C38: ПроРеспи МО10 Запад | D38: Скрылев А.В. | E38: Борисенко Е.П. | F38: 8. ПРОРЕСПИ_РФ | H38: 0.60294118 | I38: 0.69117647 | J38: =VLOOKUP(E38,'Эффективная коммуникация оценка'!$E$1:$P$297,12,0) -> 0.7 | K38: =VLOOKUP(E38,'навыки техники продаж оценка'!$E$2:$P$297,12,0) -> 0.91666667 | L38: 58.633333
A39: 144 | B39: Москва | C39: ПроРеспи МО4 Восток | D39: Давыдова Е.В. | E39: Фиронова А.А. | F39: 8. ПРОРЕСПИ_РФ | H39: 0.44117647 | I39: 0.64705882 | J39: =VLOOKUP(E39,'Эффективная коммуникация оценка'!$E$1:$P$297,12,0) -> 0.6 | K39: =VLOOKUP(E39,'навыки техники продаж оценка'!$E$2:$P$297,12,0) -> 0.5 | L39: 38.090375
A40: 162 | B40: Москва | C40: ПроРеспи МО11 Северо-Запад | D40: Скрылев А.В. | E40: Осипова Ю.С. | F40: 8. ПРОРЕСПИ_РФ | H40: 0.61764706 | I40: 0.69117647 | J40: =VLOOKUP(E40,'Эффективная коммуникация оценка'!$E$1:$P$297,12,0) -> 0.75 | K40: =VLOOKUP(E40,'навыки техники продаж оценка'!$E$2:$P$297,12,0) -> 0.75 | L40: 23.034997
A41: 196 | B41: Москва | C41: ПроРеспи МО7 Юг | D41: Скрылев А.В. | E41: Вяткина Е.В. | F41: 8. ПРОРЕСПИ_РФ | H41: 0.5 | I41: 0.70588235 | J41: =VLOOKUP(E41,'Эффективная коммуникация оценка'!$E$1:$P$297,12,0) -> 0.75 | K41: =VLOOKUP(E41,'навыки техники продаж оценка'!$E$2:$P$297,12,0) -> 0.83333333 | L41: 69.877049
... A46: 247 | B46: Москва | C46: ПроРеспи МО1 Северо-Восток | D46: Давыдова Е.В. | E46: Дренин К.В. | F46: 8. ПРОРЕСПИ_РФ | H46: 0.76470588 | I46: 0.82352941 | J46: =VLOOKUP(E46,'Эффективная коммуникация оценка'!$E$1:$P$297,12,0) -> 0.95 | K46: =VLOOKUP(E46,'навыки техники продаж оценка'!$E$2:$P$297,12,0) -> 0.66666667 | L46: 42.620832
A47: 273 | B47: Москва | C47: ПроРеспи МО12 Север | D47: Скрылев А.В. | E47: Атаханова А.Г. | F47: 8. ПРОРЕСПИ_РФ | I47: 0.44117647 | J47: =VLOOKUP(E47,'Эффективная коммуникация оценка'!$E$1:$P$297,12,0) -> 0.55 | K47: =VLOOKUP(E47,'навыки техники продаж оценка'!$E$2:$P$297,12,0) -> 0.58333333 | L47: 31.188636
A48: 275 | B48: Москва | C48: ПроСпец МО2 Восток-Юго-Восток | D48: Давыдова Е.В. | E48: Лукьянов В.Н. | F48: 8. ПРОСПЕЦ_РФ | H48: 0.66176471 | I48: 0.67647059 | J48: =VLOOKUP(E48,'Эффективная коммуникация оценка'!$E$1:$P$297,12,0) -> 0.75 | K48: =VLOOKUP(E48,'навыки техники продаж оценка'!$E$2:$P$297,12,0) -> 0.58333333 | L48: 55.400572
A49: 62 | B49: Северо-Запад | C49: ПроСпец_СПб_1 (Андреева Мария) | D49: Евсеева М.Ю. | E49: Андреева М.В. | F49: 8. ПРОСПЕЦ_РФ | H49: 0.58823529 | I49: 0.79411765 | J49: =VLOOKUP(E49,'Эффективная коммуникация оценка'!$E$1:$P$297,12,0) -> 0.95 | K49: =VLOOKUP(E49,'навыки техники продаж оценка'!$E$2:$P$297,12,0) -> 0.66666667 | L49: 13.29735
A50: 63 | B50: Северо-Запад | C50: ПроРеспи_СПБ_2 (Демидова Алия) | D50: Альхимович Н.В. | E50: Демидова А.С. | F50: 8. ПРОРЕСПИ_РФ | H50: 0.61764706 | I50: 0.60294118 | J50: =VLOOKUP(E50,'Эффективная коммуникация оценка'!$E$1:$P$297,12,0) -> 0.65 | K50: =VLOOKUP(E50,'навыки техники продаж оценка'!$E$2:$P$297,12,0) -> 0.58333333 | L50: 15.145901
A51: 66 | B51: Северо-Запад | C51: ПроСпец_СПб_2 (Ахмедова Ольга) | D51: Никон Е.В. | E51: Ахмедова О.М. | F51: 8. ПРОСПЕЦ_РФ | H51: 0.52941176 | I51: 0.45588235 | J51: =VLOOKUP(E51,'Эффективная коммуникация оценка'!$E$1:$P$297,12,0) -> 0.5 | K51: =VLOOKUP(E51,'навыки техники продаж оценка'!$E$2:$P$297,12,0) -> 0.41666667 | L51: 3.3028455
A52: 71 | B52: Северо-Запад | C52: ПроСпец_СПб_6 (Доносий Виктория) | D52: Евсеева М.Ю. | E52: Доносий В.Б. | F52: 8. ПРОСПЕЦ_РФ | H52: 0.60294118 | I52: 0.79411765 | J52: =VLOOKUP(E52,'Эффективная коммуникация оценка'!$E$1:$P$297,12,0) -> 0.85 | K52: =VLOOKUP(E52,'навыки техники продаж оценка'!$E$2:$P$297,12,0) -> 0.75 | L52: 1.9662486
A53: 83 | B53: Северо-Запад | C53: ПроСпец_СПб_9 (Кондратьева Инга) | D53: Никон Е.В. | E53: Кондратьева И.А. | F53: 8. ПРОСПЕЦ_РФ | H53: 0.55882353 | I53: 0.51470588 | J53: =VLOOKUP(E53,'Эффективная коммуникация оценка'!$E$1:$P$297,12,0) -> 0.45 | K53: =VLOOKUP(E53,'навыки техники продаж оценка'!$E$2:$P$297,12,0) -> 0.66666667 | L53: 14.173877
A54: 84 | B54: Северо-Запад | C54: ПроРеспи_СПБ_3 (Дудченко Надежда) | D54: Альхимович Н.В. | E54: Дудченко Н.С. | F54: 8. ПРОРЕСПИ_РФ | H54: 0.5 | I54: 0.73529412 | J54: =VLOOKUP(E54,'Эффективная коммуникация оценка'!$E$1:$P$297,12,0) -> 0.8 | K54: =VLOOKUP(E54,'навыки техники продаж оценка'!$E$2:$P$297,12,0) -> 0.75 | L54: 21.256722
A55: 85 | B55: Северо-Запад | C55: ПроРеспи_СПб_6 (Лукьянчикова Татьяна) | D55: Альхимович Н.В. | E55: Лукьянчикова Т.Ю. | F55: 8. ПРОРЕСПИ_РФ | H55: 0.69117647 | I55: 0.58823529 | J55: =VLOOKUP(E55,'Эффективная коммуникация оценка'!$E$1:$P$297,12,0) -> 0.55 | K55: =VLOOKUP(E55,'навыки техники продаж оценка'!$E$2:$P$297,12,0) -> 0.75 | L55: 12.73021
A56: 136 | B56: Северо-Запад | C56: ПроРеспи_СПб_12 (Цинкевич Анжелика) | D56: Павлов Д.А. | E56: Цинкевич А.И. | F56: 8. ПРОРЕСПИ_РФ | H56: 0.44117647 | I56: 0.41176471 | J56: =VLOOKUP(E56,'Эффективная коммуникация оценка'!$E$1:$P$297,12,0) -> 0.45 | K56: =VLOOKUP(E56,'навыки техники продаж оценка'!$E$2:$P$297,12,0) -> 0.5 | L56: 18.246784
A57: 143 | B57: Северо-Запад | C57: ПроСпец_СПб_12 (Песчанская Юлия) | D57: Никон Е.В. | E57: Песчанская Ю.В. | F57: 8. ПРОСПЕЦ_РФ | H57: 0.63235294 | I57: 0.88235294 | J57: =VLOOKUP(E57,'Эффективная коммуникация оценка'!$E$1:$P$297,12,0) -> 0.9 | K57: =VLOOKUP(E57,'навыки техники продаж оценка'!$E$2:$P$297,12,0) -> 0.83333333 | L57: 20.302785
A58: 155 | B58: Северо-Запад | C58: ПроРеспи_СПб_11 (Вакансия) | D58: Альхимович Н.В. | E58: Скобелева О.И. | F58: 8. ПРОРЕСПИ_РФ | H58: 0.69117647 | I58: 0.86764706 | J58: =VLOOKUP(E58,'Эффективная коммуникация оценка'!$E$1:$P$297,12,0) -> 0.95 | K58: =VLOOKUP(E58,'навыки техники продаж оценка'!$E$2:$P$297,12,0) -> 0.75 | L58: 19.283647
A59: 160 | B59: Северо-Запад | C59: ПроСпец_СПб_8 (Евдокимова Надежда) | D59: Евсеева М.Ю. | E59: Евдокимова Н.К. | F59: 8. ПРОСПЕЦ_РФ | H59: 0.58823529 | I59: 0.63235294 | J59: =VLOOKUP(E59,'Эффективная коммуникация оценка'!$E$1:$P$297,12,0) -> 0.65 | K59: =VLOOKUP(E59,'навыки техники продаж оценка'!$E$2:$P$297,12,0) -> 0.58333333 | L59: 35.483871
... A72: 277 | B72: Северо-Запад | C72: ПроСпец_СПб_11 (Мезенцева Мария) | D72: Евсеева М.Ю. | E72: Мезенцева М.С. | F72: 8. ПРОСПЕЦ_РФ | H72: 0.35294118 | I72: 0.45588235 | J72: =VLOOKUP(E72,'Эффективная коммуникация оценка'!$E$1:$P$297,12,0) -> 0.45 | K72: =VLOOKUP(E72,'навыки техники продаж оценка'!$E$2:$P$297,12,0) -> 0.5 | L72: 30.728863

Sheet РАФАМИН_брики
B1: Регион ММХ | C1: Область | D1: Менеджер | E1: Сотрудник | F1: Эшелон | G1: Брик | H1: Оценка (мп.), % | I1: Оценка общая (рук.), % | J1: Оценка эффективности коммуникации (рук.), % | K1: Оценка навыки продаж (рук.), % | L1: Динамика региона
A2: 0 | B2: Москва | C2: ПроРеспи М4 Восток | D2: Мальцева А.А. | E2: Абазова А.С. | F2: 8. ПРОРЕСПИ_РФ | H2: 0.55882353 | I2: 0.55882353 | J2: =VLOOKUP(E2,'Эффективная коммуникация оценка'!$E$1:$P$297,12,0) -> 0.4 | K2: =VLOOKUP(E2,'навыки техники продаж оценка'!$E$2:$P$297,12,0) -> 0.58333333 | L2: -0.92165899
A3: 16 | B3: Москва | C3: ПроРеспи М10 Юго-Запад | D3: Кавунова И.Г. | E3: Антонов Д.А. | F3: 8. ПРОРЕСПИ_РФ | H3: 0.55882353 | I3: 0.64705882 | J3: =VLOOKUP(E3,'Эффективная коммуникация оценка'!$E$1:$P$297,12,0) -> 0.65 | K3: =VLOOKUP(E3,'навыки техники продаж оценка'!$E$2:$P$297,12,0) -> 0.58333333 | L3: -10.733591
A4: 21 | B4: Москва | C4: ПроРеспи М16 Север | D4: Котельникова Е.Б. | E4: Бодрова А.В. | F4: 8. ПРОРЕСПИ_РФ | H4: 0.72058824 | I4: 0.73529412 | J4: =VLOOKUP(E4,'Эффективная коммуникация оценка'!$E$1:$P$297,12,0) -> 0.65 | K4: =VLOOKUP(E4,'навыки техники продаж оценка'!$E$2:$P$297,12,0) -> 0.75 | L4: 31.108498
A5: 47 | B5: Москва | C5: ПроРеспи МО9 ТиНАО | D5: Скрылев А.В. | E5: Прищеп Л.П. | F5: 8. ПРОРЕСПИ_РФ | H5: 0.60294118 | I5: 0.75 | J5: =VLOOKUP(E5,'Эффективная коммуникация оценка'!$E$1:$P$297,12,0) -> 0.8 | K5: =VLOOKUP(E5,'навыки техники продаж оценка'!$E$2:$P$297,12,0) -> 0.66666667 | L5: 22.637238
A6: 60 | B6: Москва | C6: ПроРеспи М1 Восток | D6: Мальцева А.А. | E6: Афанасьева Ю.А. | F6: 8. ПРОРЕСПИ_РФ | H6: 0.52941176 | I6: 0.66176471 | J6: =VLOOKUP(E6,'Эффективная коммуникация оценка'!$E$1:$P$297,12,0) -> 0.7 | K6: =VLOOKUP(E6,'навыки техники продаж оценка'!$E$2:$P$297,12,0) -> 0.66666667 | L6: 26.521164
A7: 75 | B7: Москва | C7: ПроРеспи М14 Юг | D7: Кавунова И.Г. | E7: Семенова Т.Н. | F7: 8. ПРОРЕСПИ_РФ | H7: 0.52941176 | I7: 0.58823529 | J7: =VLOOKUP(E7,'Эффективная коммуникация оценка'!$E$1:$P$297,12,0) -> 0.6 | K7: =VLOOKUP(E7,'навыки техники продаж оценка'!$E$2:$P$297,12,0) -> 0.5 | L7: -17.442778
A8: 78 | B8: Москва | C8: ПроРеспи М11 Юго-Запад | D8: Кавунова И.Г. | E8: Разгуляева Т.А. | F8: 8. ПРОРЕСПИ_РФ | H8: 0.58823529 | I8: 0.64705882 | J8: =VLOOKUP(E8,'Эффективная коммуникация оценка'!$E$1:$P$297,12,0) -> 0.6 | K8: =VLOOKUP(E8,'навыки техники продаж оценка'!$E$2:$P$297,12,0) -> 0.58333333 | L8: -17.258883
A9: 86 | B9: Москва | C9: ПроРеспи М15 Север | D9: Котельникова Е.Б. | E9: Каминский Н.В. | F9: 8. ПРОРЕСПИ_РФ | H9: 0.5 | I9: 0.66176471 | J9: =VLOOKUP(E9,'Эффективная коммуникация оценка'!$E$1:$P$297,12,0) -> 0.55 | K9: =VLOOKUP(E9,'навыки техники продаж оценка'!$E$2:$P$297,12,0) -> 0.5 | L9: -15.962441
A10: 95 | B10: Москва | C10: ПроРеспи М2 Юго-Восток | D10: Мальцева А.А. | E10: Дмитраш А.В. | F10: 8. ПРОРЕСПИ_РФ | H10: 0.35294118 | I10: 0.54411765 | J10: =VLOOKUP(E10,'Эффективная коммуникация оценка'!$E$1:$P$297,12,0) -> 0.55 | K10: =VLOOKUP(E10,'навыки техники продаж оценка'!$E$2:$P$297,12,0) -> 0.58333333 | L10: -18.373151
A11: 99 | B11: Москва | C11: ПроСпец М5 Центр | D11: Мальцева А.А. | E11: Козырева Е.Н. | F11: 8. ПРОСПЕЦ_РФ | H11: 0.55882353 | I11: 0.52941176 | J11: =VLOOKUP(E11,'Эффективная коммуникация оценка'!$E$1:$P$297,12,0) -> 0.6 | K11: =VLOOKUP(E11,'навыки техники продаж оценка'!$E$2:$P$297,12,0) -> 0.5 | L11: 10.793494
A12: 100 | B12: Москва | C12: ПроРеспи М20 Северо-Восток | D12: Котельникова Е.Б. | E12: Кабатова И.А. | F12: 8. ПРОРЕСПИ_РФ | H12: 0.66176471 | I12: 0.69117647 | J12: =VLOOKUP(E12,'Эффективная коммуникация оценка'!$E$1:$P$297,12,0) -> 0.7 | K12: =VLOOKUP(E12,'навыки техники продаж оценка'!$E$2:$P$297,12,0) -> 0.75 | L12: 4.1237113
A13: 112 | B13: Москва | C13: ПроСпец М8 Юго-Восток | D13: Мальцева А.А. | E13: Кравцова А.С. | F13: 8. ПРОСПЕЦ_РФ | I13: 0.51470588 | J13: =VLOOKUP(E13,'Эффективная коммуникация оценка'!$E$1:$P$297,12,0) -> 0.55 | K13: =VLOOKUP(E13,'навыки техники продаж оценка'!$E$2:$P$297,12,0) -> 0.5 | L13: -22.37055
A14: 130 | B14: Москва | C14: ПроРеспи М7 Запад | D14: Кавунова И.Г. | E14: Иванова А.В. | F14: 8. ПРОРЕСПИ_РФ | H14: 0.54411765 | I14: 0.60294118 | J14: =VLOOKUP(E14,'Эффективная коммуникация оценка'!$E$1:$P$297,12,0) -> 0.65 | K14: =VLOOKUP(E14,'навыки техники продаж оценка'!$E$2:$P$297,12,0) -> 0.58333333 | L14: -9.0217942
A15: 134 | B15: Москва | C15: ПроСпец М6 Центр | D15: Мальцева А.А. | E15: Нефедова Э.С. | F15: 8. ПРОСПЕЦ_РФ | I15: 0.44117647 | J15: =VLOOKUP(E15,'Эффективная коммуникация оценка'!$E$1:$P$297,12,0) -> 0.4 | K15: =VLOOKUP(E15,'навыки техники продаж оценка'!$E$2:$P$297,12,0) -> 0.25 | L15: 13.458188
A16: 159 | B16: Москва | C16: ПроСпец М3 Юг | D16: Кавунова И.Г. | E16: Стрельникова М.Ю. | F16: 8. ПРОСПЕЦ_РФ | I16: 0.73529412 | J16: =VLOOKUP(E16,'Эффективная коммуникация оценка'!$E$1:$P$297,12,0) -> 0.7 | K16: =VLOOKUP(E16,'навыки техники продаж оценка'!$E$2:$P$297,12,0) -> 0.75 | L16: -10.719132
A17: 168 | B17: Москва | C17: ПроРеспи М3 Восток | D17: Котельникова Е.Б. | E17: Каманова А.А. | F17: 8. ПРОРЕСПИ_РФ | H17: 0.54411765 | I17: 0.64705882 | J17: =VLOOKUP(E17,'Эффективная коммуникация оценка'!$E$1:$P$297,12,0) -> 0.65 | K17: =VLOOKUP(E17,'навыки техники продаж оценка'!$E$2:$P$297,12,0) -> 0.5 | L17: 2.5290499
A18: 169 | B18: Москва | C18: ПроСпец М11 Северо-Восток | D18: Котельникова Е.Б. | E18: Егорова Т.И. | F18: 8. ПРОСПЕЦ_РФ | H18: 0.48529412 | I18: 0.67647059 | J18: =VLOOKUP(E18,'Эффективная коммуникация оценка'!$E$1:$P$297,12,0) -> 0.65 | K18: =VLOOKUP(E18,'навыки техники продаж оценка'!$E$2:$P$297,12,0) -> 0.58333333 | L18: -5.78125
A19: 190 | B19: Москва | C19: ПроСпец МО8 ТиНАО | D19: Скрылев А.В. | E19: Гарматин В.О. | F19: 8. ПРОСПЕЦ_РФ | I19: 0.5 | J19: =VLOOKUP(E19,'Эффективная коммуникация оценка'!$E$1:$P$297,12,0) -> 0.4 | K19: =VLOOKUP(E19,'навыки техники продаж оценка'!$E$2:$P$297,12,0) -> 0.58333333 | L19: 22.637238
A20: 202 | B20: Москва | C20: ПроРеспи М17 Северо-Запад | D20: Котельникова Е.Б. | E20: Грязнова О.А. | F20: 8. ПРОРЕСПИ_РФ | H20: 0.69117647 | I20: 0.69117647 | J20: =VLOOKUP(E20,'Эффективная коммуникация оценка'!$E$1:$P$297,12,0) -> 0.6 | K20: =VLOOKUP(E20,'навыки техники продаж оценка'!$E$2:$P$297,12,0) -> 0.58333333 | L20: -12.935954
A21: 210 | B21: Москва | C21: ПроРеспи М12 Юг | D21: Кавунова И.Г. | E21: Селезнева Ю.В. | F21: 8. ПРОРЕСПИ_РФ | H21: 0.57352941 | I21: 0.55882353 | J21: =VLOOKUP(E21,'Эффективная коммуникация оценка'!$E$1:$P$297,12,0) -> 0.55 | K21: =VLOOKUP(E21,'навыки техники продаж оценка'!$E$2:$P$297,12,0) -> 0.66666667 | L21: 5.7471264
A22: 212 | B22: Москва | C22: ПроРеспи М5 Центр | D22: Мальцева А.А. | E22: Юрова А.В. | F22: 8. ПРОРЕСПИ_РФ | H22: 0.5 | I22: 0.60294118 | J22: =VLOOKUP(E22,'Эффективная коммуникация оценка'!$E$1:$P$297,12,0) -> 0.6 | K22: =VLOOKUP(E22,'навыки техники продаж оценка'!$E$2:$P$297,12,0) -> 0.58333333 | L22: 13.458188
A23: 218 | B23: Москва | C23: ПроСпец М10 Восток-Северо-Восток | D23: Котельникова Е.Б. | E23: Касимова М.М. | F23: 8. ПРОСПЕЦ_РФ | H23: 0.75 | I23: 0.63235294 | J23: =VLOOKUP(E23,'Эффективная коммуникация оценка'!$E$1:$P$297,12,0) -> 0.8 | K23: =VLOOKUP(E23,'навыки техники продаж оценка'!$E$2:$P$297,12,0) -> 0.58333333 | L23: -5.5555556
A24: 219 | B24: Москва | C24: ПроРеспи М6 Центр | D24: Мальцева А.А. | E24: Шебалкова Т.Н. | F24: 8. ПРОРЕСПИ_РФ | H24: 0.60294118 | I24: 0.83823529 | J24: =VLOOKUP(E24,'Эффективная коммуникация оценка'!$E$1:$P$297,12,0) -> 0.85 | K24: =VLOOKUP(E24,'навыки техники продаж оценка'!$E$2:$P$297,12,0) -> 0.91666667 | L24: 10.793494
A25: 234 | B25: Москва | C25: ПроСпец М7 Восток | D25: Мальцева А.А. | E25: Сагиндыкова Д.А. | F25: 8. ПРОСПЕЦ_РФ | H25: 0.42647059 | I25: 0.58823529 | J25: =VLOOKUP(E25,'Эффективная коммуникация оценка'!$E$1:$P$297,12,0) -> 0.55 | K25: =VLOOKUP(E25,'навыки техники продаж оценка'!$E$2:$P$297,12,0) -> 0.58333333 | L25: -0.16319869
A26: 236 | B26: Москва | C26: ПроСпец М9 Юго-Восток-Юг | D26: Мальцева А.А. | E26: Наумова А.А. | F26: 8. ПРОСПЕЦ_РФ | I26: 0.69117647 | J26: =VLOOKUP(E26,'Эффективная коммуникация оценка'!$E$1:$P$297,12,0) -> 0.85 | K26: =VLOOKUP(E26,'навыки техники продаж оценка'!$E$2:$P$297,12,0) -> 0.58333333 | L26: 14.285714
A27: 240 | B27: Москва | C27: ПроСпец МО11 Север | D27: Скрылев А.В. | E27: Жукова А.И. | F27: 8. ПРОСПЕЦ_РФ | H27: 0.52941176 | I27: 0.76470588 | J27: =VLOOKUP(E27,'Эффективная коммуникация оценка'!$E$1:$P$297,12,0) -> 0.75 | K27: =VLOOKUP(E27,'навыки техники продаж оценка'!$E$2:$P$297,12,0) -> 0.75 | L27: -13.966707
A28: 251 | B28: Москва | C28: ПроСпец М12 Северо-Запад-Север | D28: Котельникова Е.Б. | E28: Веденина Т.Ю. | F28: 8. ПРОСПЕЦ_РФ | H28: 0.66176471 | I28: 0.70588235 | J28: =VLOOKUP(E28,'Эффективная коммуникация оценка'!$E$1:$P$297,12,0) -> 0.65 | K28: =VLOOKUP(E28,'навыки техники продаж оценка'!$E$2:$P$297,12,0) -> 0.66666667 | L28: -2.5479616
A29: 7 | B29: Москва | C29: ПроРеспи МО6 Юго-Восток | D29: Давыдова Е.В. | E29: Сурова О.И. | F29: 8. ПРОРЕСПИ_РФ | I29: 0.38235294 | J29: =VLOOKUP(E29,'Эффективная коммуникация оценка'!$E$1:$P$297,12,0) -> 0.4 | K29: =VLOOKUP(E29,'навыки техники продаж оценка'!$E$2:$P$297,12,0) -> 0.25 | L29: 18.913271
A30: 12 | B30: Москва | C30: ПроСпец МО3 Восток | D30: Давыдова Е.В. | E30: Николаева Е.А. | F30: 8. ПРОСПЕЦ_РФ | H30: 0.61764706 | I30: 0.70588235 | J30: =VLOOKUP(E30,'Эффективная коммуникация оценка'!$E$1:$P$297,12,0) -> 0.85 | K30: =VLOOKUP(E30,'навыки техники продаж оценка'!$E$2:$P$297,12,0) -> 0.66666667 | L30: 13.657771
A31: 23 | B31: Москва | C31: ПроРеспи МО2 Восток | D31: Давыдова Е.В. | E31: Алешина Л.Г. | F31: 8. ПРОРЕСПИ_РФ | H31: 0.72058824 | I31: 0.64705882 | J31: =VLOOKUP(E31,'Эффективная коммуникация оценка'!$E$1:$P$297,12,0) -> 0.7 | K31: =VLOOKUP(E31,'навыки техники продаж оценка'!$E$2:$P$297,12,0) -> 0.66666667 | L31: 1.5097691
A32: 28 | B32: Москва | C32: ПроРеспи МО8 Юг | D32: Скрылев А.В. | E32: Панкратов В.А. | F32: 8. ПРОРЕСПИ_РФ | H32: 0.70588235 | I32: 0.67647059 | J32: =VLOOKUP(E32,'Эффективная коммуникация оценка'!$E$1:$P$297,12,0) -> 0.7 | K32: =VLOOKUP(E32,'навыки техники продаж оценка'!$E$2:$P$297,12,0) -> 0.75 | L32: -14.700704
A33: 40 | B33: Москва | C33: ПроСпец МО4 Восток-Юго-Восток | D33: Давыдова Е.В. | E33: Прудникова Ю.С. | F33: 8. ПРОСПЕЦ_РФ | H33: 0.44117647 | I33: 0.72058824 | J33: =VLOOKUP(E33,'Эффективная коммуникация оценка'!$E$1:$P$297,12,0) -> 0.8 | K33: =VLOOKUP(E33,'навыки техники продаж оценка'!$E$2:$P$297,12,0) -> 0.66666667 | L33: 28.681319
A34: 44 | B34: Москва | C34: ПроРеспи МО5 Юго-Восток | D34: Давыдова Е.В. | E34: Шубин Я.А. | F34: 8. ПРОРЕСПИ_РФ | H34: 0.57352941 | I34: 0.61764706 | J34: =VLOOKUP(E34,'Эффективная коммуникация оценка'!$E$1:$P$297,12,0) -> 0.55 | K34: =VLOOKUP(E34,'навыки техники продаж оценка'!$E$2:$P$297,12,0) -> 0.58333333 | L34: 30.02594
A35: 52 | B35: Москва | C35: ПроСпец МО7 ЮГ | D35: Скрылев А.В. | E35: Туркина В.С. | F35: 8. ПРОСПЕЦ_РФ | H35: 0.52941176 | I35: 0.80882353 | J35: =VLOOKUP(E35,'Эффективная коммуникация оценка'!$E$1:$P$297,12,0) -> 0.85 | K35: =VLOOKUP(E35,'навыки техники продаж оценка'!$E$2:$P$297,12,0) -> 0.83333333 | L35: -8.3139805
A36: 59 | B36: Москва | C36: ПроСпец МО5 Юго- и Северо-Восток | D36: Давыдова Е.В. | E36: Лесничая М.А. | F36: 8. ПРОСПЕЦ_РФ | H36: 0.36764706 | I36: 0.60294118 | J36: =VLOOKUP(E36,'Эффективная коммуникация оценка'!$E$1:$P$297,12,0) -> 0.6 | K36: =VLOOKUP(E36,'навыки техники продаж оценка'!$E$2:$P$297,12,0) -> 0.5 | L36: 26.176471
A37: 68 | B37: Москва | C37: ПроСпец МО9 Северо-Запад | D37: Скрылев А.В. | E37: Терзи Т.И. | F37: 8. ПРОСПЕЦ_РФ | H37: 0.55882353 | I37: 0.82352941 | J37: =VLOOKUP(E37,'Эффективная коммуникация оценка'!$E$1:$P$297,12,0) -> 0.85 | K37: =VLOOKUP(E37,'навыки техники продаж оценка'!$E$2:$P$297,12,0) -> 0.91666667 | L37: 29.814433
A38: 124 | B38: Москва | C38: ПроРеспи МО10 Запад | D38: Скрылев А.В. | E38: Борисенко Е.П. | F38: 8. ПРОРЕСПИ_РФ | H38: 0.60294118 | I38: 0.69117647 | J38: =VLOOKUP(E38,'Эффективная коммуникация оценка'!$E$1:$P$297,12,0) -> 0.7 | K38: =VLOOKUP(E38,'навыки техники продаж оценка'!$E$2:$P$297,12,0) -> 0.91666667 | L38: 30.345711
A39: 144 | B39: Москва | C39: ПроРеспи МО4 Восток | D39: Давыдова Е.В. | E39: Фиронова А.А. | F39: 8. ПРОРЕСПИ_РФ | H39: 0.44117647 | I39: 0.64705882 | J39: =VLOOKUP(E39,'Эффективная коммуникация оценка'!$E$1:$P$297,12,0) -> 0.6 | K39: =VLOOKUP(E39,'навыки техники продаж оценка'!$E$2:$P$297,12,0) -> 0.5 | L39: 8.541915
A40: 162 | B40: Москва | C40: ПроРеспи МО11 Северо-Запад | D40: Скрылев А.В. | E40: Осипова Ю.С. | F40: 8. ПРОРЕСПИ_РФ | H40: 0.61764706 | I40: 0.69117647 | J40: =VLOOKUP(E40,'Эффективная коммуникация оценка'!$E$1:$P$297,12,0) -> 0.75 | K40: =VLOOKUP(E40,'навыки техники продаж оценка'!$E$2:$P$297,12,0) -> 0.75 | L40: 16.420308
A41: 196 | B41: Москва | C41: ПроРеспи МО7 Юг | D41: Скрылев А.В. | E41: Вяткина Е.В. | F41: 8. ПРОРЕСПИ_РФ | H41: 0.5 | I41: 0.70588235 | J41: =VLOOKUP(E41,'Эффективная коммуникация оценка'!$E$1:$P$297,12,0) -> 0.75 | K41: =VLOOKUP(E41,'навыки техники продаж оценка'!$E$2:$P$297,12,0) -> 0.83333333 | L41: -1.179941
... A46: 247 | B46: Москва | C46: ПроРеспи МО1 Северо-Восток | D46: Давыдова Е.В. | E46: Дренин К.В. | F46: 8. ПРОРЕСПИ_РФ | H46: 0.76470588 | I46: 0.82352941 | J46: =VLOOKUP(E46,'Эффективная коммуникация оценка'!$E$1:$P$297,12,0) -> 0.95 | K46: =VLOOKUP(E46,'навыки техники продаж оценка'!$E$2:$P$297,12,0) -> 0.66666667 | L46: 23.283715
A47: 273 | B47: Москва | C47: ПроРеспи МО12 Север | D47: Скрылев А.В. | E47: Атаханова А.Г. | F47: 8. ПРОРЕСПИ_РФ | I47: 0.44117647 | J47: =VLOOKUP(E47,'Эффективная коммуникация оценка'!$E$1:$P$297,12,0) -> 0.55 | K47: =VLOOKUP(E47,'навыки техники продаж оценка'!$E$2:$P$297,12,0) -> 0.58333333 | L47: -10.893971
A48: 275 | B48: Москва | C48: ПроСпец МО2 Восток-Юго-Восток | D48: Давыдова Е.В. | E48: Лукьянов В.Н. | F48: 8. ПРОСПЕЦ_РФ | H48: 0.66176471 | I48: 0.67647059 | J48: =VLOOKUP(E48,'Эффективная коммуникация оценка'!$E$1:$P$297,12,0) -> 0.75 | K48: =VLOOKUP(E48,'навыки техники продаж оценка'!$E$2:$P$297,12,0) -> 0.58333333 | L48: 1.5097691
A49: 62 | B49: Северо-Запад | C49: ПроСпец_СПб_1 (Андреева Мария) | D49: Евсеева М.Ю. | E49: Андреева М.В. | F49: 8. ПРОСПЕЦ_РФ | H49: 0.58823529 | I49: 0.79411765 | J49: =VLOOKUP(E49,'Эффективная коммуникация оценка'!$E$1:$P$297,12,0) -> 0.95 | K49: =VLOOKUP(E49,'навыки техники продаж оценка'!$E$2:$P$297,12,0) -> 0.66666667 | L49: 15.502392
A50: 63 | B50: Северо-Запад | C50: ПроРеспи_СПБ_2 (Демидова Алия) | D50: Альхимович Н.В. | E50: Демидова А.С. | F50: 8. ПРОРЕСПИ_РФ | H50: 0.61764706 | I50: 0.60294118 | J50: =VLOOKUP(E50,'Эффективная коммуникация оценка'!$E$1:$P$297,12,0) -> 0.65 | K50: =VLOOKUP(E50,'навыки техники продаж оценка'!$E$2:$P$297,12,0) -> 0.58333333 | L50: 40.587665
A51: 66 | B51: Северо-Запад | C51: ПроСпец_СПб_2 (Ахмедова Ольга) | D51: Никон Е.В. | E51: Ахмедова О.М. | F51: 8. ПРОСПЕЦ_РФ | H51: 0.52941176 | I51: 0.45588235 | J51: =VLOOKUP(E51,'Эффективная коммуникация оценка'!$E$1:$P$297,12,0) -> 0.5 | K51: =VLOOKUP(E51,'навыки техники продаж оценка'!$E$2:$P$297,12,0) -> 0.41666667 | L51: -3.3519553
A52: 71 | B52: Северо-Запад | C52: ПроСпец_СПб_6 (Доносий Виктория) | D52: Евсеева М.Ю. | E52: Доносий В.Б. | F52: 8. ПРОСПЕЦ_РФ | H52: 0.60294118 | I52: 0.79411765 | J52: =VLOOKUP(E52,'Эффективная коммуникация оценка'!$E$1:$P$297,12,0) -> 0.85 | K52: =VLOOKUP(E52,'навыки техники продаж оценка'!$E$2:$P$297,12,0) -> 0.75 | L52: 39.761482
A53: 83 | B53: Северо-Запад | C53: ПроСпец_СПб_9 (Кондратьева Инга) | D53: Никон Е.В. | E53: Кондратьева И.А. | F53: 8. ПРОСПЕЦ_РФ | H53: 0.55882353 | I53: 0.51470588 | J53: =VLOOKUP(E53,'Эффективная коммуникация оценка'!$E$1:$P$297,12,0) -> 0.45 | K53: =VLOOKUP(E53,'навыки техники продаж оценка'!$E$2:$P$297,12,0) -> 0.66666667 | L53: -2.5510204
A54: 84 | B54: Северо-Запад | C54: ПроРеспи_СПБ_3 (Дудченко Надежда) | D54: Альхимович Н.В. | E54: Дудченко Н.С. | F54: 8. ПРОРЕСПИ_РФ | H54: 0.5 | I54: 0.73529412 | J54: =VLOOKUP(E54,'Эффективная коммуникация оценка'!$E$1:$P$297,12,0) -> 0.8 | K54: =VLOOKUP(E54,'навыки техники продаж оценка'!$E$2:$P$297,12,0) -> 0.75 | L54: 61.478901
A55: 85 | B55: Северо-Запад | C55: ПроРеспи_СПб_6 (Лукьянчикова Татьяна) | D55: Альхимович Н.В. | E55: Лукьянчикова Т.Ю. | F55: 8. ПРОРЕСПИ_РФ | H55: 0.69117647 | I55: 0.58823529 | J55: =VLOOKUP(E55,'Эффективная коммуникация оценка'!$E$1:$P$297,12,0) -> 0.55 | K55: =VLOOKUP(E55,'навыки техники продаж оценка'!$E$2:$P$297,12,0) -> 0.75 | L55: -9.8335388
A56: 136 | B56: Северо-Запад | C56: ПроРеспи_СПб_12 (Цинкевич Анжелика) | D56: Павлов Д.А. | E56: Цинкевич А.И. | F56: 8. ПРОРЕСПИ_РФ | H56: 0.44117647 | I56: 0.41176471 | J56: =VLOOKUP(E56,'Эффективная коммуникация оценка'!$E$1:$P$297,12,0) -> 0.45 | K56: =VLOOKUP(E56,'навыки техники продаж оценка'!$E$2:$P$297,12,0) -> 0.5 | L56: 35.745089
A57: 143 | B57: Северо-Запад | C57: ПроСпец_СПб_12 (Песчанская Юлия) | D57: Никон Е.В. | E57: Песчанская Ю.В. | F57: 8. ПРОСПЕЦ_РФ | H57: 0.63235294 | I57: 0.88235294 | J57: =VLOOKUP(E57,'Эффективная коммуникация оценка'!$E$1:$P$297,12,0) -> 0.9 | K57: =VLOOKUP(E57,'навыки техники продаж оценка'!$E$2:$P$297,12,0) -> 0.83333333 | L57: 21.487956
A58: 155 | B58: Северо-Запад | C58: ПроРеспи_СПб_11 (Скобелева Ольга) | D58: Альхимович Н.В. | E58: Скобелева О.И. | F58: 8. ПРОРЕСПИ_РФ | H58: 0.69117647 | I58: 0.86764706 | J58: =VLOOKUP(E58,'Эффективная коммуникация оценка'!$E$1:$P$297,12,0) -> 0.95 | K58: =VLOOKUP(E58,'навыки техники продаж оценка'!$E$2:$P$297,12,0) -> 0.75 | L58: 20.747018
A59: 160 | B59: Северо-Запад | C59: ПроСпец_СПб_8 (Евдокимова Надежда) | D59: Евсеева М.Ю. | E59: Евдокимова Н.К. | F59: 8. ПРОСПЕЦ_РФ | H59: 0.58823529 | I59: 0.63235294 | J59: =VLOOKUP(E59,'Эффективная коммуникация оценка'!$E$1:$P$297,12,0) -> 0.65 | K59: =VLOOKUP(E59,'навыки техники продаж оценка'!$E$2:$P$297,12,0) -> 0.58333333 | L59: 22.676797
... A72: 277 | B72: Северо-Запад | C72: ПроСпец_СПб_11 (Мезенцева Мария) | D72: Евсеева М.Ю. | E72: Мезенцева М.С. | F72: 8. ПРОСПЕЦ_РФ | H72: 0.35294118 | I72: 0.45588235 | J72: =VLOOKUP(E72,'Эффективная коммуникация оценка'!$E$1:$P$297,12,0) -> 0.45 | K72: =VLOOKUP(E72,'навыки техники продаж оценка'!$E$2:$P$297,12,0) -> 0.5 | L72: 22.12176

Sheet РАФАМИН_регионы
B1: Регион ММХ | C1: Область | D1: Менеджер | E1: Сотрудник | F1: Эшелон | H1: Оценка (мп.), % | I1: Оценка общая (рук.), % | J1: Оценка эффективности коммуникации (рук.), % | K1: Оценка навыки продаж (рук.), % | L1: Выполнение плана | M1: Динамика региона
A2: 32 | B2: Сибирь | C2: Алтайский край | D2: Миронова О.В. | E2: Чуданов В.Е. | F2: 8. ПРОРЕСПИ_РФ | H2: 0.54411765 | I2: 0.33823529 | J2: =VLOOKUP(E2,'Эффективная коммуникация оценка'!$E$1:$P$297,12,0) -> 0.35 | K2: =VLOOKUP(E2,'навыки техники продаж оценка'!$E$2:$P$297,12,0) -> 0.33333333 | L2: 72.708963 | M2: -9.0598291 | P2: Названия строк | Q2: Среднее по полю Оценка общая (рук.), % | R2: Среднее по полю Выполнение плана | S2: Среднее по полю Динамика региона
A3: 156 | B3: Сибирь | C3: Алтайский край | D3: Миронова О.В. | E3: Егудина М.А. | F3: 8. ПРОСПЕЦ_РФ | I3: 0.58823529 | J3: =VLOOKUP(E3,'Эффективная коммуникация оценка'!$E$1:$P$297,12,0) -> 0.6 | K3: =VLOOKUP(E3,'навыки техники продаж оценка'!$E$2:$P$297,12,0) -> 0.58333333 | L3: 72.708963 | M3: -9.0598291 | P3: Алтайский край | Q3: 0.53676471 | R3: 72.708963 | S3: -9.0598291
A4: 248 | B4: Сибирь | C4: Алтайский край | D4: Миронова О.В. | E4: Червова О.В. | F4: 8. ПРОРЕСПИ_РФ | H4: 0.55882353 | I4: 0.63235294 | J4: =VLOOKUP(E4,'Эффективная коммуникация оценка'!$E$1:$P$297,12,0) -> 0.65 | K4: =VLOOKUP(E4,'навыки техники продаж оценка'!$E$2:$P$297,12,0) -> 0.5 | L4: 72.708963 | M4: -9.0598291 | P4: Архангельская обл | Q4: 0.59558824 | R4: 96.717541 | S4: 16.759213
A5: 255 | B5: Сибирь | C5: Алтайский край | D5: Миронова О.В. | E5: Петрова Е.А. | F5: 8. ПРОСПЕЦ_РФ | H5: 0.63235294 | I5: 0.58823529 | J5: =VLOOKUP(E5,'Эффективная коммуникация оценка'!$E$1:$P$297,12,0) -> 0.7 | K5: =VLOOKUP(E5,'навыки техники продаж оценка'!$E$2:$P$297,12,0) -> 0.58333333 | L5: 72.708963 | M5: -9.0598291 | P5: Астраханская обл | Q5: 0.72058824 | R5: 100.84732 | S5: 22.505938
A6: 151 | B6: Северо-Запад | C6: Архангельская обл | D6: Евсеева М.Ю. | E6: Фролова Н.Г. | F6: 8. ПРОСПЕЦ_РФ | H6: 0.5 | I6: 0.55882353 | J6: =VLOOKUP(E6,'Эффективная коммуникация оценка'!$E$1:$P$297,12,0) -> 0.6 | K6: =VLOOKUP(E6,'навыки техники продаж оценка'!$E$2:$P$297,12,0) -> 0.5 | L6: 96.717541 | M6: 16.759213 | P6: Башкортостан Респ | Q6: 0.65257353 | R6: 75.851943 | S6: -7.7609791
A7: 188 | B7: Северо-Запад | C7: Архангельская обл | D7: Евсеева М.Ю. | E7: Данилюк Н.В. | F7: 8. ПРОРЕСПИ_РФ | H7: 0.52941176 | I7: 0.63235294 | J7: =VLOOKUP(E7,'Эффективная коммуникация оценка'!$E$1:$P$297,12,0) -> 0.75 | K7: =VLOOKUP(E7,'навыки техники продаж оценка'!$E$2:$P$297,12,0) -> 0.66666667 | L7: 96.717541 | M7: 16.759213 | P7: Белгородская обл | Q7: 0.69117647 | R7: 110.58522 | S7: 71.103896
A8: 163 | B8: Юг | C8: Астраханская обл | D8: Петровская О.В. | E8: Хайрлиева Г.С. | F8: 8. ПРОСПЕЦ_РФ | H8: 0.64705882 | I8: 0.76470588 | J8: =VLOOKUP(E8,'Эффективная коммуникация оценка'!$E$1:$P$297,12,0) -> 0.8 | K8: =VLOOKUP(E8,'навыки техники продаж оценка'!$E$2:$P$297,12,0) -> 0.75 | L8: 100.84732 | M8: 22.505938 | P8: Брянская обл | Q8: 0.75735294 | R8: 108.54016 | S8: 32.934418
A9: 221 | B9: Юг | C9: Астраханская обл | D9: Петровская О.В. | E9: Вострикова З.Ф. | F9: 8. ПРОРЕСПИ_РФ | H9: 0.51470588 | I9: 0.67647059 | J9: =VLOOKUP(E9,'Эффективная коммуникация оценка'!$E$1:$P$297,12,0) -> 0.7 | K9: =VLOOKUP(E9,'навыки техники продаж оценка'!$E$2:$P$297,12,0) -> 0.58333333 | L9: 100.84732 | M9: 22.505938 | P9: Бурятия Респ | Q9: 0.77941176 | R9: 86.757009 | S9: -3.1305437
A10: 13 | B10: Урал | C10: Башкортостан Респ | D10: Митяшева О.Б. | E10: Егорова И.В. | F10: 8. ПРОСПЕЦ_РФ | H10: 0.61764706 | I10: 0.80882353 | J10: =VLOOKUP(E10,'Эффективная коммуникация оценка'!$E$1:$P$297,12,0) -> 0.85 | K10: =VLOOKUP(E10,'навыки техники продаж оценка'!$E$2:$P$297,12,0) -> 0.66666667 | L10: 75.851943 | M10: -7.7609791 | P10: Владимирская обл | Q10: 0.65441176 | R10: 68.977556 | S10: -7.1500504
A11: 15 | B11: Урал | C11: Башкортостан Респ | D11: Митяшева О.Б. | E11: Якушева А.А. | F11: 8. ПРОСПЕЦ_РФ | H11: 0.45588235 | I11: 0.63235294 | J11: =VLOOKUP(E11,'Эффективная коммуникация оценка'!$E$1:$P$297,12,0) -> 0.7 | K11: =VLOOKUP(E11,'навыки техники продаж оценка'!$E$2:$P$297,12,0) -> 0.58333333 | L11: 75.851943 | M11: -7.7609791 | P11: Волгоградская обл | Q11: 0.75882353 | R11: 93.315559 | S11: 18.629706
A12: 31 | B12: Урал | C12: Башкортостан Респ | D12: Машукова О.М. | E12: Ваняшкина Е.С. | F12: 8. ПРОРЕСПИ_РФ | H12: 0.38235294 | I12: 0.38235294 | J12: =VLOOKUP(E12,'Эффективная коммуникация оценка'!$E$1:$P$297,12,0) -> 0.45 | K12: =VLOOKUP(E12,'навыки техники продаж оценка'!$E$2:$P$297,12,0) -> 0.33333333 | L12: 75.851943 | M12: -7.7609791 | P12: Вологодская обл | Q12: 0.72058824 | R12: 96.034081 | S12: 41.229117
A13: 49 | B13: Урал | C13: Башкортостан Респ | D13: Машукова О.М. | E13: Курбангулова Г.Ю. | F13: 8. ПРОРЕСПИ_РФ | H13: 0.52941176 | I13: 0.60294118 | J13: =VLOOKUP(E13,'Эффективная коммуникация оценка'!$E$1:$P$297,12,0) -> 0.75 | K13: =VLOOKUP(E13,'навыки техники продаж оценка'!$E$2:$P$297,12,0) -> 0.58333333 | L13: 75.851943 | M13: -7.7609791 | P13: Воронежская обл | Q13: 0.67941176 | R13: 57.940229 | S13: 8.4899191
A14: 132 | B14: Урал | C14: Башкортостан Респ | D14: Митяшева О.Б. | E14: Зегер Е.О. | F14: 8. ПРОСПЕЦ_РФ | H14: 0.69117647 | I14: 0.86764706 | J14: =VLOOKUP(E14,'Эффективная коммуникация оценка'!$E$1:$P$297,12,0) -> 0.9 | K14: =VLOOKUP(E14,'навыки техники продаж оценка'!$E$2:$P$297,12,0) -> 0.66666667 | L14: 75.851943 | M14: -7.7609791 | P14: Забайкальский край | Q14: 0.85294118 | R14: 105.80989 | S14: 36.572438
A15: 164 | B15: Урал | C15: Башкортостан Респ | D15: Машукова О.М. | E15: Шастова И.С. | F15: 8. ПРОРЕСПИ_РФ | H15: 0.67647059 | I15: 0.83823529 | J15: =VLOOKUP(E15,'Эффективная коммуникация оценка'!$E$1:$P$297,12,0) -> 0.95 | K15: =VLOOKUP(E15,'навыки техники продаж оценка'!$E$2:$P$297,12,0) -> 0.75 | L15: 75.851943 | M15: -7.7609791 | P15: Ивановская обл | Q15: 0.67647059 | R15: 77.792916 | S15: 37.259615
... A63: 102 | B63: Юг | C63: Краснодарский край | D63: Туксина В.Н. | E63: Хагурова М.А. | F63: 8. ПРОРЕСПИ_РФ | H63: 0.67647059 | I63: 0.54411765 | J63: =VLOOKUP(E63,'Эффективная коммуникация оценка'!$E$1:$P$297,12,0) -> 0.6 | K63: =VLOOKUP(E63,'навыки техники продаж оценка'!$E$2:$P$297,12,0) -> 0.5 | L63: 76.738154 | M63: -5.0409151 | P63: Общий итог | Q63: 0.67241198 | R63: 83.259175 | S63: 6.2113621
A64: 114 | B64: Юг | C64: Краснодарский край | D64: Туксина В.Н. | E64: Грекова Л.Л. | F64: 8. ПРОСПЕЦ_РФ | H64: 0.72058824 | I64: 0.77941176 | J64: =VLOOKUP(E64,'Эффективная коммуникация оценка'!$E$1:$P$297,12,0) -> 0.85 | K64: =VLOOKUP(E64,'навыки техники продаж оценка'!$E$2:$P$297,12,0) -> 0.66666667 | L64: 76.738154 | M64: -5.0409151
A65: 127 | B65: Юг | C65: Краснодарский край | D65: Туксина В.Н. | E65: Федоренко Е.В. | F65: 8. ПРОРЕСПИ_РФ | H65: 0.61764706 | I65: 0.67647059 | J65: =VLOOKUP(E65,'Эффективная коммуникация оценка'!$E$1:$P$297,12,0) -> 0.7 | K65: =VLOOKUP(E65,'навыки техники продаж оценка'!$E$2:$P$297,12,0) -> 0.75 | L65: 76.738154 | M65: -5.0409151
A66: 199 | B66: Юг | C66: Краснодарский край | D66: Туксина В.Н. | E66: Воронина Ю.Ю. | F66: 8. ПРОСПЕЦ_РФ | H66: 0.55882353 | I66: 0.83823529 | J66: =VLOOKUP(E66,'Эффективная коммуникация оценка'!$E$1:$P$297,12,0) -> 0.9 | K66: =VLOOKUP(E66,'навыки техники продаж оценка'!$E$2:$P$297,12,0) -> 0.75 | L66: 76.738154 | M66: -5.0409151
A67: 235 | B67: Юг | C67: Краснодарский край | D67: Туксина В.Н. | E67: Китаева О.Е. | F67: 8. ПРОСПЕЦ_РФ | H67: 0.48529412 | I67: 0.58823529 | J67: =VLOOKUP(E67,'Эффективная коммуникация оценка'!$E$1:$P$297,12,0) -> 0.6 | K67: =VLOOKUP(E67,'навыки техники продаж оценка'!$E$2:$P$297,12,0) -> 0.5 | L67: 76.738154 | M67: -5.0409151
A68: 17 | B68: Сибирь | C68: Красноярский край | D68: Рассказчикова М.В. | E68: Шваб Н.А. | F68: 8. ПРОСПЕЦ_РФ | H68: 0.64705882 | I68: 0.80882353 | J68: =VLOOKUP(E68,'Эффективная коммуникация оценка'!$E$1:$P$297,12,0) -> 0.95 | K68: =VLOOKUP(E68,'навыки техники продаж оценка'!$E$2:$P$297,12,0) -> 0.83333333 | L68: 72.473868 | M68: -20.277224
A69: 170 | B69: Сибирь | C69: Красноярский край | D69: Рассказчикова М.В. | E69: Ворычева А.А. | F69: 8. ПРОРЕСПИ_РФ | H69: 0.63235294 | I69: 0.82352941 | J69: =VLOOKUP(E69,'Эффективная коммуникация оценка'!$E$1:$P$297,12,0) -> 0.85 | K69: =VLOOKUP(E69,'навыки техники продаж оценка'!$E$2:$P$297,12,0) -> 0.75 | L69: 72.473868 | M69: -20.277224
A70: 175 | B70: Сибирь | C70: Красноярский край | D70: Рассказчикова М.В. | E70: Баженова Л.Ф. | F70: 8. ПРОСПЕЦ_РФ | H70: 0.60294118 | I70: 0.73529412 | J70: =VLOOKUP(E70,'Эффективная коммуникация оценка'!$E$1:$P$297,12,0) -> 0.65 | K70: =VLOOKUP(E70,'навыки техники продаж оценка'!$E$2:$P$297,12,0) -> 0.75 | L70: 72.473868 | M70: -20.277224
A71: 268 | B71: Сибирь | C71: Красноярский край | D71: Рассказчикова М.В. | E71: Песегова С.В. | F71: 8. ПРОРЕСПИ_РФ | H71: 0.47058824 | I71: 0.64705882 | J71: =VLOOKUP(E71,'Эффективная коммуникация оценка'!$E$1:$P$297,12,0) -> 0.7 | K71: =VLOOKUP(E71,'навыки техники продаж оценка'!$E$2:$P$297,12,0) -> 0.75 | L71: 72.473868 | M71: -20.277224
A72: 56 | B72: Юг | C72: Крым Респ | D72: Туксина В.Н. | E72: Машталяр С.В. | F72: 8. ПРОРЕСПИ_РФ | H72: 0.55882353 | I72: 0.58823529 | J72: =VLOOKUP(E72,'Эффективная коммуникация оценка'!$E$1:$P$297,12,0) -> 0.55 | K72: =VLOOKUP(E72,'навыки техники продаж оценка'!$E$2:$P$297,12,0) -> 0.41666667 | L72: 86.371111 | M72: 4.3219194
A73: 105 | B73: Юг | C73: Крым Респ | D73: Туксина В.Н. | E73: Лотник Л.В. | F73: 8. ПРОСПЕЦ_РФ | H73: 0.72058824 | I73: 0.79411765 | J73: =VLOOKUP(E73,'Эффективная коммуникация оценка'!$E$1:$P$297,12,0) -> 0.8 | K73: =VLOOKUP(E73,'навыки техники продаж оценка'!$E$2:$P$297,12,0) -> 0.75 | L73: 86.371111 | M73: 4.3219194
A74: 250 | B74: Юг | C74: Крым Респ | D74: Туксина В.Н. | E74: Бешевли Л.И. | F74: 8. ПРОСПЕЦ_РФ | H74: 0.70588235 | I74: 0.92647059 | J74: =VLOOKUP(E74,'Эффективная коммуникация оценка'!$E$1:$P$297,12,0) -> 0.95 | K74: =VLOOKUP(E74,'навыки техники продаж оценка'!$E$2:$P$297,12,0) -> 1 | L74: 86.371111 | M74: 4.3219194
A75: 259 | B75: Юг | C75: Крым Респ | D75: Туксина В.Н. | E75: Зырянова Н.В. | F75: 8. ПРОРЕСПИ_РФ | H75: 0.67647059 | I75: 0.66176471 | J75: =VLOOKUP(E75,'Эффективная коммуникация оценка'!$E$1:$P$297,12,0) -> 0.65 | K75: =VLOOKUP(E75,'навыки техники продаж оценка'!$E$2:$P$297,12,0) -> 0.58333333 | L75: 86.371111 | M75: 4.3219194
... A92: 100 | B92: Москва | C92: Москва г | D92: Котельникова Е.Б. | E92: Кабатова И.А. | F92: 8. ПРОРЕСПИ_РФ | H92: 0.66176471 | I92: 0.69117647 | J92: =VLOOKUP(E92,'Эффективная коммуникация оценка'!$E$1:$P$297,12,0) -> 0.7 | K92: =VLOOKUP(E92,'навыки техники продаж оценка'!$E$2:$P$297,12,0) -> 0.75 | L92: 70.780292 | M92: -1.5794491
A93: 112 | B93: Москва | C93: Москва г | D93: Мальцева А.А. | E93: Кравцова А.С. | F93: 8. ПРОСПЕЦ_РФ | I93: 0.51470588 | J93: =VLOOKUP(E93,'Эффективная коммуникация оценка'!$E$1:$P$297,12,0) -> 0.55 | K93: =VLOOKUP(E93,'навыки техники продаж оценка'!$E$2:$P$297,12,0) -> 0.5 | L93: 70.780292 | M93: -1.5794491
A94: 130 | B94: Москва | C94: Москва г | D94: Кавунова И.Г. | E94: Иванова А.В. | F94: 8. ПРОРЕСПИ_РФ | H94: 0.54411765 | I94: 0.60294118 | J94: =VLOOKUP(E94,'Эффективная коммуникация оценка'!$E$1:$P$297,12,0) -> 0.65 | K94: =VLOOKUP(E94,'навыки техники продаж оценка'!$E$2:$P$297,12,0) -> 0.58333333 | L94: 70.780292 | M94: -1.5794491
A95: 134 | B95: Москва | C95: Москва г | D95: Мальцева А.А. | E95: Нефедова Э.С. | F95: 8. ПРОСПЕЦ_РФ | I95: 0.44117647 | J95: =VLOOKUP(E95,'Эффективная коммуникация оценка'!$E$1:$P$297,12,0) -> 0.4 | K95: =VLOOKUP(E95,'навыки техники продаж оценка'!$E$2:$P$297,12,0) -> 0.25 | L95: 70.780292 | M95: -1.5794491
A96: 159 | B96: Москва | C96: Москва г | D96: Кавунова И.Г. | E96: Стрельникова М.Ю. | F96: 8. ПРОСПЕЦ_РФ | I96: 0.73529412 | J96: =VLOOKUP(E96,'Эффективная коммуникация оценка'!$E$1:$P$297,12,0) -> 0.7 | K96: =VLOOKUP(E96,'навыки техники продаж оценка'!$E$2:$P$297,12,0) -> 0.75 | L96: 70.780292 | M96: -1.5794491
A97: 168 | B97: Москва | C97: Москва г | D97: Котельникова Е.Б. | E97: Каманова А.А. | F97: 8. ПРОРЕСПИ_РФ | H97: 0.54411765 | I97: 0.64705882 | J97: =VLOOKUP(E97,'Эффективная коммуникация оценка'!$E$1:$P$297,12,0) -> 0.65 | K97: =VLOOKUP(E97,'навыки техники продаж оценка'!$E$2:$P$297,12,0) -> 0.5 | L97: 70.780292 | M97: -1.5794491
A98: 169 | B98: Москва | C98: Москва г | D98: Котельникова Е.Б. | E98: Егорова Т.И. | F98: 8. ПРОСПЕЦ_РФ | H98: 0.48529412 | I98: 0.67647059 | J98: =VLOOKUP(E98,'Эффективная коммуникация оценка'!$E$1:$P$297,12,0) -> 0.65 | K98: =VLOOKUP(E98,'навыки техники продаж оценка'!$E$2:$P$297,12,0) -> 0.58333333 | L98: 70.780292 | M98: -1.5794491
A99: 190 | B99: Москва | C99: Москва г | D99: Скрылев А.В. | E99: Гарматин В.О. | F99: 8. ПРОСПЕЦ_РФ | I99: 0.5 | J99: =VLOOKUP(E99,'Эффективная коммуникация оценка'!$E$1:$P$297,12,0) -> 0.4 | K99: =VLOOKUP(E99,'навыки техники продаж оценка'!$E$2:$P$297,12,0) -> 0.58333333 | L99: 70.780292 | M99: -1.5794491
A100: 202 | B100: Москва | C100: Москва г | D100: Котельникова Е.Б. | E100: Грязнова О.А. | F100: 8. ПРОРЕСПИ_РФ | H100: 0.69117647 | I100: 0.69117647 | J100: =VLOOKUP(E100,'Эффективная коммуникация оценка'!$E$1:$P$297,12,0) -> 0.6 | K100: =VLOOKUP(E100,'навыки техники продаж оценка'!$E$2:$P$297,12,0) -> 0.58333333 | L100: 70.780292 | M100: -1.5794491
A101: 210 | B101: Москва | C101: Москва г | D101: Кавунова И.Г. | E101: Селезнева Ю.В. | F101: 8. ПРОРЕСПИ_РФ | H101: 0.57352941 | I101: 0.55882353 | J101: =VLOOKUP(E101,'Эффективная коммуникация оценка'!$E$1:$P$297,12,0) -> 0.55 | K101: =VLOOKUP(E101,'навыки техники продаж оценка'!$E$2:$P$297,12,0) -> 0.66666667 | L101: 70.780292 | M101: -1.5794491
A102: 212 | B102: Москва | C102: Москва г | D102: Мальцева А.А. | E102: Юрова А.В. | F102: 8. ПРОРЕСПИ_РФ | H102: 0.5 | I102: 0.60294118 | J102: =VLOOKUP(E102,'Эффективная коммуникация оценка'!$E$1:$P$297,12,0) -> 0.6 | K102: =VLOOKUP(E102,'навыки техники продаж оценка'!$E$2:$P$297,12,0) -> 0.58333333 | L102: 70.780292 | M102: -1.5794491
A103: 218 | B103: Москва | C103: Москва г | D103: Котельникова Е.Б. | E103: Касимова М.М. | F103: 8. ПРОСПЕЦ_РФ | H103: 0.75 | I103: 0.63235294 | J103: =VLOOKUP(E103,'Эффективная коммуникация оценка'!$E$1:$P$297,12,0) -> 0.8 | K103: =VLOOKUP(E103,'навыки техники продаж оценка'!$E$2:$P$297,12,0) -> 0.58333333 | L103: 70.780292 | M103: -1.5794491
A104: 219 | B104: Москва | C104: Москва г | D104: Мальцева А.А. | E104: Шебалкова Т.Н. | F104: 8. ПРОРЕСПИ_РФ | H104: 0.60294118 | I104: 0.83823529 | J104: =VLOOKUP(E104,'Эффективная коммуникация оценка'!$E$1:$P$297,12,0) -> 0.85 | K104: =VLOOKUP(E104,'навыки техники продаж оценка'!$E$2:$P$297,12,0) -> 0.91666667 | L104: 70.780292 | M104: -1.5794491
A105: 234 | B105: Москва | C105: Москва г | D105: Мальцева А.А. | E105: Сагиндыкова Д.А. | F105: 8. ПРОСПЕЦ_РФ | H105: 0.42647059 | I105: 0.58823529 | J105: =VLOOKUP(E105,'Эффективная коммуникация оценка'!$E$1:$P$297,12,0) -> 0.55 | K105: =VLOOKUP(E105,'навыки техники продаж оценка'!$E$2:$P$297,12,0) -> 0.58333333 | L105: 70.780292 | M105: -1.5794491
A106: 236 | B106: Москва | C106: Москва г | D106: Мальцева А.А. | E106: Наумова А.А. | F106: 8. ПРОСПЕЦ_РФ | I106: 0.69117647 | J106: =VLOOKUP(E106,'Эффективная коммуникация оценка'!$E$1:$P$297,12,0) -> 0.85 | K106: =VLOOKUP(E106,'навыки техники продаж оценка'!$E$2:$P$297,12,0) -> 0.58333333 | L106: 70.780292 | M106: -1.5794491
A107: 240 | B107: Москва | C107: Москва г | D107: Скрылев А.В. | E107: Жукова А.И. | F107: 8. ПРОСПЕЦ_РФ | H107: 0.52941176 | I107: 0.76470588 | J107: =VLOOKUP(E107,'Эффективная коммуникация оценка'!$E$1:$P$297,12,0) -> 0.75 | K107: =VLOOKUP(E107,'навыки техники продаж оценка'!$E$2:$P$297,12,0) -> 0.75 | L107: 70.780292 | M107: -1.5794491
A108: 251 | B108: Москва | C108: Москва г | D108: Котельникова Е.Б. | E108: Веденина Т.Ю. | F108: 8. ПРОСПЕЦ_РФ | H108: 0.66176471 | I108: 0.70588235 | J108: =VLOOKUP(E108,'Эффективная коммуникация оценка'!$E$1:$P$297,12,0) -> 0.65 | K108: =VLOOKUP(E108,'навыки техники продаж оценка'!$E$2:$P$297,12,0) -> 0.66666667 | L108: 70.780292 | M108: -1.5794491
A109: 7 | B109: Москва | C109: Московская обл | D109: Давыдова Е.В. | E109: Сурова О.И. | F109: 8. ПРОРЕСПИ_РФ | I109: 0.38235294 | J109: =VLOOKUP(E109,'Эффективная коммуникация оценка'!$E$1:$P$297,12,0) -> 0.4 | K109: =VLOOKUP(E109,'навыки техники продаж оценка'!$E$2:$P$297,12,0) -> 0.25 | L109: 88.767393 | M109: 10.686164
A110: 12 | B110: Москва | C110: Московская обл | D110: Давыдова Е.В. | E110: Николаева Е.А. | F110: 8. ПРОСПЕЦ_РФ | H110: 0.61764706 | I110: 0.70588235 | J110: =VLOOKUP(E110,'Эффективная коммуникация оценка'!$E$1:$P$297,12,0) -> 0.85 | K110: =VLOOKUP(E110,'навыки техники продаж оценка'!$E$2:$P$297,12,0) -> 0.66666667 | L110: 88.767393 | M110: 10.686164
A111: 23 | B111: Москва | C111: Московская обл | D111: Давыдова Е.В. | E111: Алешина Л.Г. | F111: 8. ПРОРЕСПИ_РФ | H111: 0.72058824 | I111: 0.64705882 | J111: =VLOOKUP(E111,'Эффективная коммуникация оценка'!$E$1:$P$297,12,0) -> 0.7 | K111: =VLOOKUP(E111,'навыки техники продаж оценка'!$E$2:$P$297,12,0) -> 0.66666667 | L111: 88.767393 | M111: 10.686164
A112: 28 | B112: Москва | C112: Московская обл | D112: Скрылев А.В. | E112: Панкратов В.А. | F112: 8. ПРОРЕСПИ_РФ | H112: 0.70588235 | I112: 0.67647059 | J112: =VLOOKUP(E112,'Эффективная коммуникация оценка'!$E$1:$P$297,12,0) -> 0.7 | K112: =VLOOKUP(E112,'навыки техники продаж оценка'!$E$2:$P$297,12,0) -> 0.75 | L112: 88.767393 | M112: 10.686164
A113: 40 | B113: Москва | C113: Московская обл | D113: Давыдова Е.В. | E113: Прудникова Ю.С. | F113: 8. ПРОСПЕЦ_РФ | H113: 0.44117647 | I113: 0.72058824 | J113: =VLOOKUP(E113,'Эффективная коммуникация оценка'!$E$1:$P$297,12,0) -> 0.8 | K113: =VLOOKUP(E113,'навыки техники продаж оценка'!$E$2:$P$297,12,0) -> 0.66666667 | L113: 88.767393 | M113: 10.686164
A114: 44 | B114: Москва | C114: Московская обл | D114: Давыдова Е.В. | E114: Шубин Я.А. | F114: 8. ПРОРЕСПИ_РФ | H114: 0.57352941 | I114: 0.61764706 | J114: =VLOOKUP(E114,'Эффективная коммуникация оценка'!$E$1:$P$297,12,0) -> 0.55 | K114: =VLOOKUP(E114,'навыки техники продаж оценка'!$E$2:$P$297,12,0) -> 0.58333333 | L114: 88.767393 | M114: 10.686164
A115: 52 | B115: Москва | C115: Московская обл | D115: Скрылев А.В. | E115: Туркина В.С. | F115: 8. ПРОСПЕЦ_РФ | H115: 0.52941176 | I115: 0.80882353 | J115: =VLOOKUP(E115,'Эффективная коммуникация оценка'!$E$1:$P$297,12,0) -> 0.85 | K115: =VLOOKUP(E115,'навыки техники продаж оценка'!$E$2:$P$297,12,0) -> 0.83333333 | L115: 88.767393 | M115: 10.686164
A116: 59 | B116: Москва | C116: Московская обл | D116: Давыдова Е.В. | E116: Лесничая М.А. | F116: 8. ПРОСПЕЦ_РФ | H116: 0.36764706 | I116: 0.60294118 | J116: =VLOOKUP(E116,'Эффективная коммуникация оценка'!$E$1:$P$297,12,0) -> 0.6 | K116: =VLOOKUP(E116,'навыки техники продаж оценка'!$E$2:$P$297,12,0) -> 0.5 | L116: 88.767393 | M116: 10.686164
A117: 68 | B117: Москва | C117: Московская обл | D117: Скрылев А.В. | E117: Терзи Т.И. | F117: 8. ПРОСПЕЦ_РФ | H117: 0.55882353 | I117: 0.82352941 | J117: =VLOOKUP(E117,'Эффективная коммуникация оценка'!$E$1:$P$297,12,0) -> 0.85 | K117: =VLOOKUP(E117,'навыки техники продаж оценка'!$E$2:$P$297,12,0) -> 0.91666667 | L117: 88.767393 | M117: 10.686164
A118: 124 | B118: Москва | C118: Московская обл | D118: Скрылев А.В. | E118: Борисенко Е.П. | F118: 8. ПРОРЕСПИ_РФ | H118: 0.60294118 | I118: 0.69117647 | J118: =VLOOKUP(E118,'Эффективная коммуникация оценка'!$E$1:$P$297,12,0) -> 0.7 | K118: =VLOOKUP(E118,'навыки техники продаж оценка'!$E$2:$P$297,12,0) -> 0.91666667 | L118: 88.767393 | M118: 10.686164
A119: 144 | B119: Москва | C119: Московская обл | D119: Давыдова Е.В. | E119: Фиронова А.А. | F119: 8. ПРОРЕСПИ_РФ | H119: 0.44117647 | I119: 0.64705882 | J119: =VLOOKUP(E119,'Эффективная коммуникация оценка'!$E$1:$P$297,12,0) -> 0.6 | K119: =VLOOKUP(E119,'навыки техники продаж оценка'!$E$2:$P$297,12,0) -> 0.5 | L119: 88.767393 | M119: 10.686164
A120: 162 | B120: Москва | C120: Московская обл | D120: Скрылев А.В. | E120: Осипова Ю.С. | F120: 8. ПРОРЕСПИ_РФ | H120: 0.61764706 | I120: 0.69117647 | J120: =VLOOKUP(E120,'Эффективная коммуникация оценка'!$E$1:$P$297,12,0) -> 0.75 | K120: =VLOOKUP(E120,'навыки техники продаж оценка'!$E$2:$P$297,12,0) -> 0.75 | L120: 88.767393 | M120: 10.686164
A121: 196 | B121: Москва | C121: Московская обл | D121: Скрылев А.В. | E121: Вяткина Е.В. | F121: 8. ПРОРЕСПИ_РФ | H121: 0.5 | I121: 0.70588235 | J121: =VLOOKUP(E121,'Эффективная коммуникация оценка'!$E$1:$P$297,12,0) -> 0.75 | K121: =VLOOKUP(E121,'навыки техники продаж оценка'!$E$2:$P$297,12,0) -> 0.83333333 | L121: 88.767393 | M121: 10.686164
... A126: 247 | B126: Москва | C126: Московская обл | D126: Давыдова Е.В. | E126: Дренин К.В. | F126: 8. ПРОРЕСПИ_РФ | H126: 0.76470588 | I126: 0.82352941 | J126: =VLOOKUP(E126,'Эффективная коммуникация оценка'!$E$1:$P$297,12,0) -> 0.95 | K126: =VLOOKUP(E126,'навыки техники продаж оценка'!$E$2:$P$297,12,0) -> 0.66666667 | L126: 88.767393 | M126: 10.686164
A127: 273 | B127: Москва | C127: Московская обл | D127: Скрылев А.В. | E127: Атаханова А.Г. | F127: 8. ПРОРЕСПИ_РФ | I127: 0.44117647 | J127: =VLOOKUP(E127,'Эффективная коммуникация оценка'!$E$1:$P$297,12,0) -> 0.55 | K127: =VLOOKUP(E127,'навыки техники продаж оценка'!$E$2:$P$297,12,0) -> 0.58333333 | L127: 88.767393 | M127: 10.686164
A128: 275 | B128: Москва | C128: Московская обл | D128: Давыдова Е.В. | E128: Лукьянов В.Н. | F128: 8. ПРОСПЕЦ_РФ | H128: 0.66176471 | I128: 0.67647059 | J128: =VLOOKUP(E128,'Эффективная коммуникация оценка'!$E$1:$P$297,12,0) -> 0.75 | K128: =VLOOKUP(E128,'навыки техники продаж оценка'!$E$2:$P$297,12,0) -> 0.58333333 | L128: 88.767393 | M128: 10.686164
A129: 179 | B129: Северо-Запад | C129: Мурманская обл | D129: Никон Е.В. | E129: Ченгаева Ю.Н. | F129: 8. ПРОРЕСПИ_РФ | H129: 0.47058824 | I129: 0.57352941 | J129: =VLOOKUP(E129,'Эффективная коммуникация оценка'!$E$1:$P$297,12,0) -> 0.65 | K129: =VLOOKUP(E129,'навыки техники продаж оценка'!$E$2:$P$297,12,0) -> 0.5 | L129: 86.315789 | M129: 12.374043
A130: 38 | B130: Волга | C130: Нижегородская обл | D130: Дмитриева Е.В. | E130: Вдовин Т.Р. | F130: 8. ПРОРЕСПИ_РФ | H130: 0.5 | I130: 0.58823529 | J130: =VLOOKUP(E130,'Эффективная коммуникация оценка'!$E$1:$P$297,12,0) -> 0.55 | K130: =VLOOKUP(E130,'навыки техники продаж оценка'!$E$2:$P$297,12,0) -> 0.58333333 | L130: 98.487252 | M130: 28.013845
A131: 74 | B131: Волга | C131: Нижегородская обл | D131: Дмитриева Е.В. | E131: Старцева В.А. | F131: 8. ПРОРЕСПИ_РФ | H131: 0.45588235 | I131: 0.54411765 | J131: =VLOOKUP(E131,'Эффективная коммуникация оценка'!$E$1:$P$297,12,0) -> 0.5 | K131: =VLOOKUP(E131,'навыки техники продаж оценка'!$E$2:$P$297,12,0) -> 0.5 | L131: 98.487252 | M131: 28.013845
A132: 98 | B132: Волга | C132: Нижегородская обл | D132: Надирова К.М. | E132: Широкова Т.А. | F132: 8. ПРОСПЕЦ_РФ | H132: 0.64705882 | I132: 0.57352941 | J132: =VLOOKUP(E132,'Эффективная коммуникация оценка'!$E$1:$P$297,12,0) -> 0.6 | K132: =VLOOKUP(E132,'навыки техники продаж оценка'!$E$2:$P$297,12,0) -> 0.66666667 | L132: 98.487252 | M132: 28.013845
A133: 106 | B133: Волга | C133: Нижегородская обл | D133: Дмитриева Е.В. | E133: Ефремова В.К. | F133: 8. ПРОРЕСПИ_РФ | H133: 0.70588235 | I133: 0.66176471 | J133: =VLOOKUP(E133,'Эффективная коммуникация оценка'!$E$1:$P$297,12,0) -> 0.65 | K133: =VLOOKUP(E133,'навыки техники продаж оценка'!$E$2:$P$297,12,0) -> 0.58333333 | L133: 98.487252 | M133: 28.013845
A134: 183 | B134: Волга | C134: Нижегородская обл | D134: Надирова К.М. | E134: Мышляева Н.М. | F134: 8. ПРОСПЕЦ_РФ | H134: 0.67647059 | I134: 0.48529412 | J134: =VLOOKUP(E134,'Эффективная коммуникация оценка'!$E$1:$P$297,12,0) -> 0.45 | K134: =VLOOKUP(E134,'навыки техники продаж оценка'!$E$2:$P$297,12,0) -> 0.5 | L134: 98.487252 | M134: 28.013845
A135: 187 | B135: Волга | C135: Нижегородская обл | D135: Дмитриева Е.В. | E135: Медведев А.А. | F135: 8. ПРОРЕСПИ_РФ | H135: 0.73529412 | I135: 0.83823529 | J135: =VLOOKUP(E135,'Эффективная коммуникация оценка'!$E$1:$P$297,12,0) -> 0.85 | K135: =VLOOKUP(E135,'навыки техники продаж оценка'!$E$2:$P$297,12,0) -> 0.83333333 | L135: 98.487252 | M135: 28.013845
A136: 67 | B136: Северо-Запад | C136: Новгородская обл | D136: Павлов Д.А. | E136: Шилова А.И. | F136: 8. ПРОРЕСПИ_РФ | H136: 0.55882353 | I136: 0.69117647 | J136: =VLOOKUP(E136,'Эффективная коммуникация оценка'!$E$1:$P$297,12,0) -> 0.9 | K136: =VLOOKUP(E136,'навыки техники продаж оценка'!$E$2:$P$297,12,0) -> 0.75 | L136: 102.814 | M136: 18.559557
A137: 3 | B137: Сибирь | C137: Новосибирская обл | D137: Зинченко Т.М. | E137: Ильиных С.С. | F137: 8. ПРОРЕСПИ_РФ | H137: 0.58823529 | I137: 0.63235294 | J137: =VLOOKUP(E137,'Эффективная коммуникация оценка'!$E$1:$P$297,12,0) -> 0.75 | K137: =VLOOKUP(E137,'навыки техники продаж оценка'!$E$2:$P$297,12,0) -> 0.5 | L137: 76.253959 | M137: -2.1416004
A138: 10 | B138: Сибирь | C138: Новосибирская обл | D138: Зинченко Т.М. | E138: Орлова Ю.В. | F138: 8. ПРОСПЕЦ_РФ | H138: 0.70588235 | I138: 0.72058824 | J138: =VLOOKUP(E138,'Эффективная коммуникация оценка'!$E$1:$P$297,12,0) -> 0.75 | K138: =VLOOKUP(E138,'навыки техники продаж оценка'!$E$2:$P$297,12,0) -> 0.66666667 | L138: 76.253959 | M138: -2.1416004
A139: 91 | B139: Сибирь | C139: Новосибирская обл | D139: Зинченко Т.М. | E139: Ганина О.В. | F139: 8. ПРОСПЕЦ_РФ | H139: 0.57352941 | I139: 0.70588235 | J139: =VLOOKUP(E139,'Эффективная коммуникация оценка'!$E$1:$P$297,12,0) -> 0.8 | K139: =VLOOKUP(E139,'навыки техники продаж оценка'!$E$2:$P$297,12,0) -> 0.58333333 | L139: 76.253959 | M139: -2.1416004
... A280: 264 | B280: Центр | C280: Ярославская обл | D280: Глушков М.В. | E280: Карпов С.С. | F280: 8. ПРОСПЕЦ_РФ | H280: 0.44117647 | I280: 0.55882353 | J280: =VLOOKUP(E280,'Эффективная коммуникация оценка'!$E$1:$P$297,12,0) -> 0.65 | K280: =VLOOKUP(E280,'навыки техники продаж оценка'!$E$2:$P$297,12,0) -> 0.5 | L280: 61.189602 | M280: 22.656471

Sheet РАФАМИН_брикирегионы
B1: Регион ММХ | C1: Область | D1: Менеджер | E1: Сотрудник | F1: Эшелон | G1: Брик | H1: Оценка (мп.), % | I1: Оценка общая (рук.), % | J1: Оценка эффективности коммуникации (рук.), % | K1: Оценка навыки продаж (рук.), % | L1: Динамика региона
A2: 32 | B2: Сибирь | C2: Алтайский край | D2: Миронова О.В. | E2: Чуданов В.Е. | F2: 8. ПРОРЕСПИ_РФ | H2: 0.54411765 | I2: 0.33823529 | J2: =VLOOKUP(E2,'Эффективная коммуникация оценка'!$E$1:$P$297,12,0) -> 0.35 | K2: =VLOOKUP(E2,'навыки техники продаж оценка'!$E$2:$P$297,12,0) -> 0.33333333 | L2: -9.0598291
A3: 156 | B3: Сибирь | C3: Алтайский край | D3: Миронова О.В. | E3: Егудина М.А. | F3: 8. ПРОСПЕЦ_РФ | I3: 0.58823529 | J3: =VLOOKUP(E3,'Эффективная коммуникация оценка'!$E$1:$P$297,12,0) -> 0.6 | K3: =VLOOKUP(E3,'навыки техники продаж оценка'!$E$2:$P$297,12,0) -> 0.58333333 | L3: -9.0598291
A4: 248 | B4: Сибирь | C4: Алтайский край | D4: Миронова О.В. | E4: Червова О.В. | F4: 8. ПРОРЕСПИ_РФ | H4: 0.55882353 | I4: 0.63235294 | J4: =VLOOKUP(E4,'Эффективная коммуникация оценка'!$E$1:$P$297,12,0) -> 0.65 | K4: =VLOOKUP(E4,'навыки техники продаж оценка'!$E$2:$P$297,12,0) -> 0.5 | L4: -9.0598291
A5: 255 | B5: Сибирь | C5: Алтайский край | D5: Миронова О.В. | E5: Петрова Е.А. | F5: 8. ПРОСПЕЦ_РФ | H5: 0.63235294 | I5: 0.58823529 | J5: =VLOOKUP(E5,'Эффективная коммуникация оценка'!$E$1:$P$297,12,0) -> 0.7 | K5: =VLOOKUP(E5,'навыки техники продаж оценка'!$E$2:$P$297,12,0) -> 0.58333333 | L5: -9.0598291
A6: 151 | B6: Северо-Запад | C6: Архангельская обл | D6: Евсеева М.Ю. | E6: Фролова Н.Г. | F6: 8. ПРОСПЕЦ_РФ | H6: 0.5 | I6: 0.55882353 | J6: =VLOOKUP(E6,'Эффективная коммуникация оценка'!$E$1:$P$297,12,0) -> 0.6 | K6: =VLOOKUP(E6,'навыки техники продаж оценка'!$E$2:$P$297,12,0) -> 0.5 | L6: 16.759213
A7: 188 | B7: Северо-Запад | C7: Архангельская обл | D7: Евсеева М.Ю. | E7: Данилюк Н.В. | F7: 8. ПРОРЕСПИ_РФ | H7: 0.52941176 | I7: 0.63235294 | J7: =VLOOKUP(E7,'Эффективная коммуникация оценка'!$E$1:$P$297,12,0) -> 0.75 | K7: =VLOOKUP(E7,'навыки техники продаж оценка'!$E$2:$P$297,12,0) -> 0.66666667 | L7: 16.759213
A8: 163 | B8: Юг | C8: Астраханская обл | D8: Петровская О.В. | E8: Хайрлиева Г.С. | F8: 8. ПРОСПЕЦ_РФ | H8: 0.64705882 | I8: 0.76470588 | J8: =VLOOKUP(E8,'Эффективная коммуникация оценка'!$E$1:$P$297,12,0) -> 0.8 | K8: =VLOOKUP(E8,'навыки техники продаж оценка'!$E$2:$P$297,12,0) -> 0.75 | L8: 22.505938
A9: 221 | B9: Юг | C9: Астраханская обл | D9: Петровская О.В. | E9: Вострикова З.Ф. | F9: 8. ПРОРЕСПИ_РФ | H9: 0.51470588 | I9: 0.67647059 | J9: =VLOOKUP(E9,'Эффективная коммуникация оценка'!$E$1:$P$297,12,0) -> 0.7 | K9: =VLOOKUP(E9,'навыки техники продаж оценка'!$E$2:$P$297,12,0) -> 0.58333333 | L9: 22.505938
A10: 13 | B10: Урал | C10: Башкортостан Респ | D10: Митяшева О.Б. | E10: Егорова И.В. | F10: 8. ПРОСПЕЦ_РФ | H10: 0.61764706 | I10: 0.80882353 | J10: =VLOOKUP(E10,'Эффективная коммуникация оценка'!$E$1:$P$297,12,0) -> 0.85 | K10: =VLOOKUP(E10,'навыки техники продаж оценка'!$E$2:$P$297,12,0) -> 0.66666667 | L10: -7.7609791
A11: 15 | B11: Урал | C11: Башкортостан Респ | D11: Митяшева О.Б. | E11: Якушева А.А. | F11: 8. ПРОСПЕЦ_РФ | H11: 0.45588235 | I11: 0.63235294 | J11: =VLOOKUP(E11,'Эффективная коммуникация оценка'!$E$1:$P$297,12,0) -> 0.7 | K11: =VLOOKUP(E11,'навыки техники продаж оценка'!$E$2:$P$297,12,0) -> 0.58333333 | L11: -7.7609791
A12: 31 | B12: Урал | C12: Башкортостан Респ | D12: Машукова О.М. | E12: Ваняшкина Е.С. | F12: 8. ПРОРЕСПИ_РФ | H12: 0.38235294 | I12: 0.38235294 | J12: =VLOOKUP(E12,'Эффективная коммуникация оценка'!$E$1:$P$297,12,0) -> 0.45 | K12: =VLOOKUP(E12,'навыки техники продаж оценка'!$E$2:$P$297,12,0) -> 0.33333333 | L12: -7.7609791
A13: 49 | B13: Урал | C13: Башкортостан Респ | D13: Машукова О.М. | E13: Курбангулова Г.Ю. | F13: 8. ПРОРЕСПИ_РФ | H13: 0.52941176 | I13: 0.60294118 | J13: =VLOOKUP(E13,'Эффективная коммуникация оценка'!$E$1:$P$297,12,0) -> 0.75 | K13: =VLOOKUP(E13,'навыки техники продаж оценка'!$E$2:$P$297,12,0) -> 0.58333333 | L13: -7.7609791
A14: 132 | B14: Урал | C14: Башкортостан Респ | D14: Митяшева О.Б. | E14: Зегер Е.О. | F14: 8. ПРОСПЕЦ_РФ | H14: 0.69117647 | I14: 0.86764706 | J14: =VLOOKUP(E14,'Эффективная коммуникация оценка'!$E$1:$P$297,12,0) -> 0.9 | K14: =VLOOKUP(E14,'навыки техники продаж оценка'!$E$2:$P$297,12,0) -> 0.66666667 | L14: -7.7609791
A15: 164 | B15: Урал | C15: Башкортостан Респ | D15: Машукова О.М. | E15: Шастова И.С. | F15: 8. ПРОРЕСПИ_РФ | H15: 0.67647059 | I15: 0.83823529 | J15: =VLOOKUP(E15,'Эффективная коммуникация оценка'!$E$1:$P$297,12,0) -> 0.95 | K15: =VLOOKUP(E15,'навыки техники продаж оценка'!$E$2:$P$297,12,0) -> 0.75 | L15: -7.7609791
... A81: 238 | B81: Центр | C81: Липецкая обл | D81: Окунев И.М. | E81: Гранкина Г.И. | F81: 8. ПРОРЕСПИ_РФ | H81: 0.60294118 | I81: 0.70588235 | J81: =VLOOKUP(E81,'Эффективная коммуникация оценка'!$E$1:$P$297,12,0) -> 0.7 | K81: =VLOOKUP(E81,'навыки техники продаж оценка'!$E$2:$P$297,12,0) -> 0.5 | L81: 1.1928429
A82: 0 | B82: Москва | C82: ПроРеспи М4 Восток | D82: Мальцева А.А. | E82: Абазова А.С. | F82: 8. ПРОРЕСПИ_РФ | H82: 0.55882353 | I82: 0.55882353 | J82: =VLOOKUP(E82,'Эффективная коммуникация оценка'!$E$1:$P$297,12,0) -> 0.4 | K82: =VLOOKUP(E82,'навыки техники продаж оценка'!$E$2:$P$297,12,0) -> 0.58333333 | L82: -0.92165899 | M82: 100
A83: 16 | B83: Москва | C83: ПроРеспи М10 Юго-Запад | D83: Кавунова И.Г. | E83: Антонов Д.А. | F83: 8. ПРОРЕСПИ_РФ | H83: 0.55882353 | I83: 0.64705882 | J83: =VLOOKUP(E83,'Эффективная коммуникация оценка'!$E$1:$P$297,12,0) -> 0.65 | K83: =VLOOKUP(E83,'навыки техники продаж оценка'!$E$2:$P$297,12,0) -> 0.58333333 | L83: -10.733591
A84: 21 | B84: Москва | C84: ПроРеспи М16 Север | D84: Котельникова Е.Б. | E84: Бодрова А.В. | F84: 8. ПРОРЕСПИ_РФ | H84: 0.72058824 | I84: 0.73529412 | J84: =VLOOKUP(E84,'Эффективная коммуникация оценка'!$E$1:$P$297,12,0) -> 0.65 | K84: =VLOOKUP(E84,'навыки техники продаж оценка'!$E$2:$P$297,12,0) -> 0.75 | L84: 31.108498
A85: 47 | B85: Москва | C85: ПроРеспи МО9 ТиНАО | D85: Скрылев А.В. | E85: Прищеп Л.П. | F85: 8. ПРОРЕСПИ_РФ | H85: 0.60294118 | I85: 0.75 | J85: =VLOOKUP(E85,'Эффективная коммуникация оценка'!$E$1:$P$297,12,0) -> 0.8 | K85: =VLOOKUP(E85,'навыки техники продаж оценка'!$E$2:$P$297,12,0) -> 0.66666667 | L85: 22.637238
A86: 60 | B86: Москва | C86: ПроРеспи М1 Восток | D86: Мальцева А.А. | E86: Афанасьева Ю.А. | F86: 8. ПРОРЕСПИ_РФ | H86: 0.52941176 | I86: 0.66176471 | J86: =VLOOKUP(E86,'Эффективная коммуникация оценка'!$E$1:$P$297,12,0) -> 0.7 | K86: =VLOOKUP(E86,'навыки техники продаж оценка'!$E$2:$P$297,12,0) -> 0.66666667 | L86: 26.521164
A87: 75 | B87: Москва | C87: ПроРеспи М14 Юг | D87: Кавунова И.Г. | E87: Семенова Т.Н. | F87: 8. ПРОРЕСПИ_РФ | H87: 0.52941176 | I87: 0.58823529 | J87: =VLOOKUP(E87,'Эффективная коммуникация оценка'!$E$1:$P$297,12,0) -> 0.6 | K87: =VLOOKUP(E87,'навыки техники продаж оценка'!$E$2:$P$297,12,0) -> 0.5 | L87: -17.442778
A88: 78 | B88: Москва | C88: ПроРеспи М11 Юго-Запад | D88: Кавунова И.Г. | E88: Разгуляева Т.А. | F88: 8. ПРОРЕСПИ_РФ | H88: 0.58823529 | I88: 0.64705882 | J88: =VLOOKUP(E88,'Эффективная коммуникация оценка'!$E$1:$P$297,12,0) -> 0.6 | K88: =VLOOKUP(E88,'навыки техники продаж оценка'!$E$2:$P$297,12,0) -> 0.58333333 | L88: -17.258883
A89: 86 | B89: Москва | C89: ПроРеспи М15 Север | D89: Котельникова Е.Б. | E89: Каминский Н.В. | F89: 8. ПРОРЕСПИ_РФ | H89: 0.5 | I89: 0.66176471 | J89: =VLOOKUP(E89,'Эффективная коммуникация оценка'!$E$1:$P$297,12,0) -> 0.55 | K89: =VLOOKUP(E89,'навыки техники продаж оценка'!$E$2:$P$297,12,0) -> 0.5 | L89: -15.962441
A90: 95 | B90: Москва | C90: ПроРеспи М2 Юго-Восток | D90: Мальцева А.А. | E90: Дмитраш А.В. | F90: 8. ПРОРЕСПИ_РФ | H90: 0.35294118 | I90: 0.54411765 | J90: =VLOOKUP(E90,'Эффективная коммуникация оценка'!$E$1:$P$297,12,0) -> 0.55 | K90: =VLOOKUP(E90,'навыки техники продаж оценка'!$E$2:$P$297,12,0) -> 0.58333333 | L90: -18.373151
A91: 99 | B91: Москва | C91: ПроСпец М5 Центр | D91: Мальцева А.А. | E91: Козырева Е.Н. | F91: 8. ПРОСПЕЦ_РФ | H91: 0.55882353 | I91: 0.52941176 | J91: =VLOOKUP(E91,'Эффективная коммуникация оценка'!$E$1:$P$297,12,0) -> 0.6 | K91: =VLOOKUP(E91,'навыки техники продаж оценка'!$E$2:$P$297,12,0) -> 0.5 | L91: 10.793494
A92: 100 | B92: Москва | C92: ПроРеспи М20 Северо-Восток | D92: Котельникова Е.Б. | E92: Кабатова И.А. | F92: 8. ПРОРЕСПИ_РФ | H92: 0.66176471 | I92: 0.69117647 | J92: =VLOOKUP(E92,'Эффективная коммуникация оценка'!$E$1:$P$297,12,0) -> 0.7 | K92: =VLOOKUP(E92,'навыки техники продаж оценка'!$E$2:$P$297,12,0) -> 0.75 | L92: 4.1237113
A93: 112 | B93: Москва | C93: ПроСпец М8 Юго-Восток | D93: Мальцева А.А. | E93: Кравцова А.С. | F93: 8. ПРОСПЕЦ_РФ | I93: 0.51470588 | J93: =VLOOKUP(E93,'Эффективная коммуникация оценка'!$E$1:$P$297,12,0) -> 0.55 | K93: =VLOOKUP(E93,'навыки техники продаж оценка'!$E$2:$P$297,12,0) -> 0.5 | L93: -22.37055
A94: 130 | B94: Москва | C94: ПроРеспи М7 Запад | D94: Кавунова И.Г. | E94: Иванова А.В. | F94: 8. ПРОРЕСПИ_РФ | H94: 0.54411765 | I94: 0.60294118 | J94: =VLOOKUP(E94,'Эффективная коммуникация оценка'!$E$1:$P$297,12,0) -> 0.65 | K94: =VLOOKUP(E94,'навыки техники продаж оценка'!$E$2:$P$297,12,0) -> 0.58333333 | L94: -9.0217942
A95: 134 | B95: Москва | C95: ПроСпец М6 Центр | D95: Мальцева А.А. | E95: Нефедова Э.С. | F95: 8. ПРОСПЕЦ_РФ | I95: 0.44117647 | J95: =VLOOKUP(E95,'Эффективная коммуникация оценка'!$E$1:$P$297,12,0) -> 0.4 | K95: =VLOOKUP(E95,'навыки техники продаж оценка'!$E$2:$P$297,12,0) -> 0.25 | L95: 13.458188
A96: 159 | B96: Москва | C96: ПроСпец М3 Юг | D96: Кавунова И.Г. | E96: Стрельникова М.Ю. | F96: 8. ПРОСПЕЦ_РФ | I96: 0.73529412 | J96: =VLOOKUP(E96,'Эффективная коммуникация оценка'!$E$1:$P$297,12,0) -> 0.7 | K96: =VLOOKUP(E96,'навыки техники продаж оценка'!$E$2:$P$297,12,0) -> 0.75 | L96: -10.719132
A97: 168 | B97: Москва | C97: ПроРеспи М3 Восток | D97: Котельникова Е.Б. | E97: Каманова А.А. | F97: 8. ПРОРЕСПИ_РФ | H97: 0.54411765 | I97: 0.64705882 | J97: =VLOOKUP(E97,'Эффективная коммуникация оценка'!$E$1:$P$297,12,0) -> 0.65 | K97: =VLOOKUP(E97,'навыки техники продаж оценка'!$E$2:$P$297,12,0) -> 0.5 | L97: 2.5290499
A98: 169 | B98: Москва | C98: ПроСпец М11 Северо-Восток | D98: Котельникова Е.Б. | E98: Егорова Т.И. | F98: 8. ПРОСПЕЦ_РФ | H98: 0.48529412 | I98: 0.67647059 | J98: =VLOOKUP(E98,'Эффективная коммуникация оценка'!$E$1:$P$297,12,0) -> 0.65 | K98: =VLOOKUP(E98,'навыки техники продаж оценка'!$E$2:$P$297,12,0) -> 0.58333333 | L98: -5.78125
A99: 190 | B99: Москва | C99: ПроСпец МО8 ТиНАО | D99: Скрылев А.В. | E99: Гарматин В.О. | F99: 8. ПРОСПЕЦ_РФ | I99: 0.5 | J99: =VLOOKUP(E99,'Эффективная коммуникация оценка'!$E$1:$P$297,12,0) -> 0.4 | K99: =VLOOKUP(E99,'навыки техники продаж оценка'!$E$2:$P$297,12,0) -> 0.58333333 | L99: 22.637238
A100: 202 | B100: Москва | C100: ПроРеспи М17 Северо-Запад | D100: Котельникова Е.Б. | E100: Грязнова О.А. | F100: 8. ПРОРЕСПИ_РФ | H100: 0.69117647 | I100: 0.69117647 | J100: =VLOOKUP(E100,'Эффективная коммуникация оценка'!$E$1:$P$297,12,0) -> 0.6 | K100: =VLOOKUP(E100,'навыки техники продаж оценка'!$E$2:$P$297,12,0) -> 0.58333333 | L100: -12.935954
A101: 210 | B101: Москва | C101: ПроРеспи М12 Юг | D101: Кавунова И.Г. | E101: Селезнева Ю.В. | F101: 8. ПРОРЕСПИ_РФ | H101: 0.57352941 | I101: 0.55882353 | J101: =VLOOKUP(E101,'Эффективная коммуникация оценка'!$E$1:$P$297,12,0) -> 0.55 | K101: =VLOOKUP(E101,'навыки техники продаж оценка'!$E$2:$P$297,12,0) -> 0.66666667 | L101: 5.7471264
A102: 212 | B102: Москва | C102: ПроРеспи М5 Центр | D102: Мальцева А.А. | E102: Юрова А.В. | F102: 8. ПРОРЕСПИ_РФ | H102: 0.5 | I102: 0.60294118 | J102: =VLOOKUP(E102,'Эффективная коммуникация оценка'!$E$1:$P$297,12,0) -> 0.6 | K102: =VLOOKUP(E102,'навыки техники продаж оценка'!$E$2:$P$297,12,0) -> 0.58333333 | L102: 13.458188
A103: 218 | B103: Москва | C103: ПроСпец М10 Восток-Северо-Восток | D103: Котельникова Е.Б. | E103: Касимова М.М. | F103: 8. ПРОСПЕЦ_РФ | H103: 0.75 | I103: 0.63235294 | J103: =VLOOKUP(E103,'Эффективная коммуникация оценка'!$E$1:$P$297,12,0) -> 0.8 | K103: =VLOOKUP(E103,'навыки техники продаж оценка'!$E$2:$P$297,12,0) -> 0.58333333 | L103: -5.5555556
A104: 219 | B104: Москва | C104: ПроРеспи М6 Центр | D104: Мальцева А.А. | E104: Шебалкова Т.Н. | F104: 8. ПРОРЕСПИ_РФ | H104: 0.60294118 | I104: 0.83823529 | J104: =VLOOKUP(E104,'Эффективная коммуникация оценка'!$E$1:$P$297,12,0) -> 0.85 | K104: =VLOOKUP(E104,'навыки техники продаж оценка'!$E$2:$P$297,12,0) -> 0.91666667 | L104: 10.793494
A105: 234 | B105: Москва | C105: ПроСпец М7 Восток | D105: Мальцева А.А. | E105: Сагиндыкова Д.А. | F105: 8. ПРОСПЕЦ_РФ | H105: 0.42647059 | I105: 0.58823529 | J105: =VLOOKUP(E105,'Эффективная коммуникация оценка'!$E$1:$P$297,12,0) -> 0.55 | K105: =VLOOKUP(E105,'навыки техники продаж оценка'!$E$2:$P$297,12,0) -> 0.58333333 | L105: -0.16319869
A106: 236 | B106: Москва | C106: ПроСпец М9 Юго-Восток-Юг | D106: Мальцева А.А. | E106: Наумова А.А. | F106: 8. ПРОСПЕЦ_РФ | I106: 0.69117647 | J106: =VLOOKUP(E106,'Эффективная коммуникация оценка'!$E$1:$P$297,12,0) -> 0.85 | K106: =VLOOKUP(E106,'навыки техники продаж оценка'!$E$2:$P$297,12,0) -> 0.58333333 | L106: 14.285714
A107: 240 | B107: Москва | C107: ПроСпец МО11 Север | D107: Скрылев А.В. | E107: Жукова А.И. | F107: 8. ПРОСПЕЦ_РФ | H107: 0.52941176 | I107: 0.76470588 | J107: =VLOOKUP(E107,'Эффективная коммуникация оценка'!$E$1:$P$297,12,0) -> 0.75 | K107: =VLOOKUP(E107,'навыки техники продаж оценка'!$E$2:$P$297,12,0) -> 0.75 | L107: -13.966707
A108: 251 | B108: Москва | C108: ПроСпец М12 Северо-Запад-Север | D108: Котельникова Е.Б. | E108: Веденина Т.Ю. | F108: 8. ПРОСПЕЦ_РФ | H108: 0.66176471 | I108: 0.70588235 | J108: =VLOOKUP(E108,'Эффективная коммуникация оценка'!$E$1:$P$297,12,0) -> 0.65 | K108: =VLOOKUP(E108,'навыки техники продаж оценка'!$E$2:$P$297,12,0) -> 0.66666667 | L108: -2.5479616
A109: 7 | B109: Москва | C109: ПроРеспи МО6 Юго-Восток | D109: Давыдова Е.В. | E109: Сурова О.И. | F109: 8. ПРОРЕСПИ_РФ | I109: 0.38235294 | J109: =VLOOKUP(E109,'Эффективная коммуникация оценка'!$E$1:$P$297,12,0) -> 0.4 | K109: =VLOOKUP(E109,'навыки техники продаж оценка'!$E$2:$P$297,12,0) -> 0.25 | L109: 18.913271
A110: 12 | B110: Москва | C110: ПроСпец МО3 Восток | D110: Давыдова Е.В. | E110: Николаева Е.А. | F110: 8. ПРОСПЕЦ_РФ | H110: 0.61764706 | I110: 0.70588235 | J110: =VLOOKUP(E110,'Эффективная коммуникация оценка'!$E$1:$P$297,12,0) -> 0.85 | K110: =VLOOKUP(E110,'навыки техники продаж оценка'!$E$2:$P$297,12,0) -> 0.66666667 | L110: 13.657771
A111: 23 | B111: Москва | C111: ПроРеспи МО2 Восток | D111: Давыдова Е.В. | E111: Алешина Л.Г. | F111: 8. ПРОРЕСПИ_РФ | H111: 0.72058824 | I111: 0.64705882 | J111: =VLOOKUP(E111,'Эффективная коммуникация оценка'!$E$1:$P$297,12,0) -> 0.7 | K111: =VLOOKUP(E111,'навыки техники продаж оценка'!$E$2:$P$297,12,0) -> 0.66666667 | L111: 1.5097691
A112: 28 | B112: Москва | C112: ПроРеспи МО8 Юг | D112: Скрылев А.В. | E112: Панкратов В.А. | F112: 8. ПРОРЕСПИ_РФ | H112: 0.70588235 | I112: 0.67647059 | J112: =VLOOKUP(E112,'Эффективная коммуникация оценка'!$E$1:$P$297,12,0) -> 0.7 | K112: =VLOOKUP(E112,'навыки техники продаж оценка'!$E$2:$P$297,12,0) -> 0.75 | L112: -14.700704
A113: 40 | B113: Москва | C113: ПроСпец МО4 Восток-Юго-Восток | D113: Давыдова Е.В. | E113: Прудникова Ю.С. | F113: 8. ПРОСПЕЦ_РФ | H113: 0.44117647 | I113: 0.72058824 | J113: =VLOOKUP(E113,'Эффективная коммуникация оценка'!$E$1:$P$297,12,0) -> 0.8 | K113: =VLOOKUP(E113,'навыки техники продаж оценка'!$E$2:$P$297,12,0) -> 0.66666667 | L113: 28.681319
A114: 44 | B114: Москва | C114: ПроРеспи МО5 Юго-Восток | D114: Давыдова Е.В. | E114: Шубин Я.А. | F114: 8. ПРОРЕСПИ_РФ | H114: 0.57352941 | I114: 0.61764706 | J114: =VLOOKUP(E114,'Эффективная коммуникация оценка'!$E$1:$P$297,12,0) -> 0.55 | K114: =VLOOKUP(E114,'навыки техники продаж оценка'!$E$2:$P$297,12,0) -> 0.58333333 | L114: 30.02594
A115: 52 | B115: Москва | C115: ПроСпец МО7 ЮГ | D115: Скрылев А.В. | E115: Туркина В.С. | F115: 8. ПРОСПЕЦ_РФ | H115: 0.52941176 | I115: 0.80882353 | J115: =VLOOKUP(E115,'Эффективная коммуникация оценка'!$E$1:$P$297,12,0) -> 0.85 | K115: =VLOOKUP(E115,'навыки техники продаж оценка'!$E$2:$P$297,12,0) -> 0.83333333 | L115: -8.3139805
A116: 59 | B116: Москва | C116: ПроСпец МО5 Юго- и Северо-Восток | D116: Давыдова Е.В. | E116: Лесничая М.А. | F116: 8. ПРОСПЕЦ_РФ | H116: 0.36764706 | I116: 0.60294118 | J116: =VLOOKUP(E116,'Эффективная коммуникация оценка'!$E$1:$P$297,12,0) -> 0.6 | K116: =VLOOKUP(E116,'навыки техники продаж оценка'!$E$2:$P$297,12,0) -> 0.5 | L116: 26.176471
A117: 68 | B117: Москва | C117: ПроСпец МО9 Северо-Запад | D117: Скрылев А.В. | E117: Терзи Т.И. | F117: 8. ПРОСПЕЦ_РФ | H117: 0.55882353 | I117: 0.82352941 | J117: =VLOOKUP(E117,'Эффективная коммуникация оценка'!$E$1:$P$297,12,0) -> 0.85 | K117: =VLOOKUP(E117,'навыки техники продаж оценка'!$E$2:$P$297,12,0) -> 0.91666667 | L117: 29.814433
A118: 124 | B118: Москва | C118: ПроРеспи МО10 Запад | D118: Скрылев А.В. | E118: Борисенко Е.П. | F118: 8. ПРОРЕСПИ_РФ | H118: 0.60294118 | I118: 0.69117647 | J118: =VLOOKUP(E118,'Эффективная коммуникация оценка'!$E$1:$P$297,12,0) -> 0.7 | K118: =VLOOKUP(E118,'навыки техники продаж оценка'!$E$2:$P$297,12,0) -> 0.91666667 | L118: 30.345711
A119: 144 | B119: Москва | C119: ПроРеспи МО4 Восток | D119: Давыдова Е.В. | E119: Фиронова А.А. | F119: 8. ПРОРЕСПИ_РФ | H119: 0.44117647 | I119: 0.64705882 | J119: =VLOOKUP(E119,'Эффективная коммуникация оценка'!$E$1:$P$297,12,0) -> 0.6 | K119: =VLOOKUP(E119,'навыки техники продаж оценка'!$E$2:$P$297,12,0) -> 0.5 | L119: 8.541915
A120: 162 | B120: Москва | C120: ПроРеспи МО11 Северо-Запад | D120: Скрылев А.В. | E120: Осипова Ю.С. | F120: 8. ПРОРЕСПИ_РФ | H120: 0.61764706 | I120: 0.69117647 | J120: =VLOOKUP(E120,'Эффективная коммуникация оценка'!$E$1:$P$297,12,0) -> 0.75 | K120: =VLOOKUP(E120,'навыки техники продаж оценка'!$E$2:$P$297,12,0) -> 0.75 | L120: 16.420308
A121: 196 | B121: Москва | C121: ПроРеспи МО7 Юг | D121: Скрылев А.В. | E121: Вяткина Е.В. | F121: 8. ПРОРЕСПИ_РФ | H121: 0.5 | I121: 0.70588235 | J121: =VLOOKUP(E121,'Эффективная коммуникация оценка'!$E$1:$P$297,12,0) -> 0.75 | K121: =VLOOKUP(E121,'навыки техники продаж оценка'!$E$2:$P$297,12,0) -> 0.83333333 | L121: -1.179941
... A126: 247 | B126: Москва | C126: ПроРеспи МО1 Северо-Восток | D126: Давыдова Е.В. | E126: Дренин К.В. | F126: 8. ПРОРЕСПИ_РФ | H126: 0.76470588 | I126: 0.82352941 | J126: =VLOOKUP(E126,'Эффективная коммуникация оценка'!$E$1:$P$297,12,0) -> 0.95 | K126: =VLOOKUP(E126,'навыки техники продаж оценка'!$E$2:$P$297,12,0) -> 0.66666667 | L126: 23.283715
A127: 273 | B127: Москва | C127: ПроРеспи МО12 Север | D127: Скрылев А.В. | E127: Атаханова А.Г. | F127: 8. ПРОРЕСПИ_РФ | I127: 0.44117647 | J127: =VLOOKUP(E127,'Эффективная коммуникация оценка'!$E$1:$P$297,12,0) -> 0.55 | K127: =VLOOKUP(E127,'навыки техники продаж оценка'!$E$2:$P$297,12,0) -> 0.58333333 | L127: -10.893971
A128: 275 | B128: Москва | C128: ПроСпец МО2 Восток-Юго-Восток | D128: Давыдова Е.В. | E128: Лукьянов В.Н. | F128: 8. ПРОСПЕЦ_РФ | H128: 0.66176471 | I128: 0.67647059 | J128: =VLOOKUP(E128,'Эффективная коммуникация оценка'!$E$1:$P$297,12,0) -> 0.75 | K128: =VLOOKUP(E128,'навыки техники продаж оценка'!$E$2:$P$297,12,0) -> 0.58333333 | L128: 1.5097691
A129: 179 | B129: Северо-Запад | C129: Мурманская обл | D129: Никон Е.В. | E129: Ченгаева Ю.Н. | F129: 8. ПРОРЕСПИ_РФ | H129: 0.47058824 | I129: 0.57352941 | J129: =VLOOKUP(E129,'Эффективная коммуникация оценка'!$E$1:$P$297,12,0) -> 0.65 | K129: =VLOOKUP(E129,'навыки техники продаж оценка'!$E$2:$P$297,12,0) -> 0.5 | L129: 12.374043
A130: 38 | B130: Волга | C130: Нижегородская обл | D130: Дмитриева Е.В. | E130: Вдовин Т.Р. | F130: 8. ПРОРЕСПИ_РФ | H130: 0.5 | I130: 0.58823529 | J130: =VLOOKUP(E130,'Эффективная коммуникация оценка'!$E$1:$P$297,12,0) -> 0.55 | K130: =VLOOKUP(E130,'навыки техники продаж оценка'!$E$2:$P$297,12,0) -> 0.58333333 | L130: 28.013845
A131: 74 | B131: Волга | C131: Нижегородская обл | D131: Дмитриева Е.В. | E131: Старцева В.А. | F131: 8. ПРОРЕСПИ_РФ | H131: 0.45588235 | I131: 0.54411765 | J131: =VLOOKUP(E131,'Эффективная коммуникация оценка'!$E$1:$P$297,12,0) -> 0.5 | K131: =VLOOKUP(E131,'навыки техники продаж оценка'!$E$2:$P$297,12,0) -> 0.5 | L131: 28.013845
A132: 98 | B132: Волга | C132: Нижегородская обл | D132: Надирова К.М. | E132: Широкова Т.А. | F132: 8. ПРОСПЕЦ_РФ | H132: 0.64705882 | I132: 0.57352941 | J132: =VLOOKUP(E132,'Эффективная коммуникация оценка'!$E$1:$P$297,12,0) -> 0.6 | K132: =VLOOKUP(E132,'навыки техники продаж оценка'!$E$2:$P$297,12,0) -> 0.66666667 | L132: 28.013845
A133: 106 | B133: Волга | C133: Нижегородская обл | D133: Дмитриева Е.В. | E133: Ефремова В.К. | F133: 8. ПРОРЕСПИ_РФ | H133: 0.70588235 | I133: 0.66176471 | J133: =VLOOKUP(E133,'Эффективная коммуникация оценка'!$E$1:$P$297,12,0) -> 0.65 | K133: =VLOOKUP(E133,'навыки техники продаж оценка'!$E$2:$P$297,12,0) -> 0.58333333 | L133: 28.013845
A134: 183 | B134: Волга | C134: Нижегородская обл | D134: Надирова К.М. | E134: Мышляева Н.М. | F134: 8. ПРОСПЕЦ_РФ | H134: 0.67647059 | I134: 0.48529412 | J134: =VLOOKUP(E134,'Эффективная коммуникация оценка'!$E$1:$P$297,12,0) -> 0.45 | K134: =VLOOKUP(E134,'навыки техники продаж оценка'!$E$2:$P$297,12,0) -> 0.5 | L134: 28.013845
A135: 187 | B135: Волга | C135: Нижегородская обл | D135: Дмитриева Е.В. | E135: Медведев А.А. | F135: 8. ПРОРЕСПИ_РФ | H135: 0.73529412 | I135: 0.83823529 | J135: =VLOOKUP(E135,'Эффективная коммуникация оценка'!$E$1:$P$297,12,0) -> 0.85 | K135: =VLOOKUP(E135,'навыки техники продаж оценка'!$E$2:$P$297,12,0) -> 0.83333333 | L135: 28.013845
A136: 67 | B136: Северо-Запад | C136: Новгородская обл | D136: Павлов Д.А. | E136: Шилова А.И. | F136: 8. ПРОРЕСПИ_РФ | H136: 0.55882353 | I136: 0.69117647 | J136: =VLOOKUP(E136,'Эффективная коммуникация оценка'!$E$1:$P$297,12,0) -> 0.9 | K136: =VLOOKUP(E136,'навыки техники продаж оценка'!$E$2:$P$297,12,0) -> 0.75 | L136: 18.559557
A137: 3 | B137: Сибирь | C137: Новосибирская обл | D137: Зинченко Т.М. | E137: Ильиных С.С. | F137: 8. ПРОРЕСПИ_РФ | H137: 0.58823529 | I137: 0.63235294 | J137: =VLOOKUP(E137,'Эффективная коммуникация оценка'!$E$1:$P$297,12,0) -> 0.75 | K137: =VLOOKUP(E137,'навыки техники продаж оценка'!$E$2:$P$297,12,0) -> 0.5 | L137: -2.1416004
A138: 10 | B138: Сибирь | C138: Новосибирская обл | D138: Зинченко Т.М. | E138: Орлова Ю.В. | F138: 8. ПРОСПЕЦ_РФ | H138: 0.70588235 | I138: 0.72058824 | J138: =VLOOKUP(E138,'Эффективная коммуникация оценка'!$E$1:$P$297,12,0) -> 0.75 | K138: =VLOOKUP(E138,'навыки техники продаж оценка'!$E$2:$P$297,12,0) -> 0.66666667 | L138: -2.1416004
A139: 91 | B139: Сибирь | C139: Новосибирская обл | D139: Зинченко Т.М. | E139: Ганина О.В. | F139: 8. ПРОСПЕЦ_РФ | H139: 0.57352941 | I139: 0.70588235 | J139: =VLOOKUP(E139,'Эффективная коммуникация оценка'!$E$1:$P$297,12,0) -> 0.8 | K139: =VLOOKUP(E139,'навыки техники продаж оценка'!$E$2:$P$297,12,0) -> 0.58333333 | L139: -2.1416004
... A280: 264 | B280: Центр | C280: Ярославская обл | D280: Глушков М.В. | E280: Карпов С.С. | F280: 8. ПРОСПЕЦ_РФ | H280: 0.44117647 | I280: 0.55882353 | J280: =VLOOKUP(E280,'Эффективная коммуникация оценка'!$E$1:$P$297,12,0) -> 0.65 | K280: =VLOOKUP(E280,'навыки техники продаж оценка'!$E$2:$P$297,12,0) -> 0.5 | L280: 22.656471
D282: Показатель | F282: Продажи | H282: Выполнение плана | J282: Динамика
D283: Брик | E283: Бренд | F283: 2024 | G283: 2025 | H283: 2024 | I283: 2025 | J283: 2024 | K283: 2025
D284: ИТОГО | F284: 68145 | G284: 70671 | I284: 1.7514064 | K284: 0.037068017
C285: Афанасьева Ю.А. | D285: ПроРеспи М1 Восток | E285: РАФАМИН | F285: 1512 | G285: 1913 | K285: 0.26521164
C286: Антонов Д.А. | D286: ПроРеспи М10 Юго-Запад | E286: РАФАМИН | F286: 1295 | G286: 1156 | K286: -0.10733591
C287: Разгуляева Т.А. | D287: ПроРеспи М11 Юго-Запад | E287: РАФАМИН | F287: 1182 | G287: 978 | K287: -0.17258883
C288: Селезнева Ю.В. | D288: ПроРеспи М12 Юг | E288: РАФАМИН | F288: 1218 | G288: 1288 | K288: 0.057471264
D289: ПроРеспи М13 Юг | E289: РАФАМИН | F289: 1444 | G289: 1418 | K289: -0.01800554
C290: Семенова Т.Н. | D290: ПроРеспи М14 Юг | E290: РАФАМИН | F290: 1267 | G290: 1046 | K290: -0.17442778
C291: Каминский Н.В. | D291: ПроРеспи М15 Север | E291: РАФАМИН | F291: 1704 | G291: 1432 | K291: -0.15962441
C292: Бодрова А.В. | D292: ПроРеспи М16 Север | E292: РАФАМИН | F292: 3401 | G292: 4459 | K292: 0.31108498
C293: Грязнова О.А. | D293: ПроРеспи М17 Северо-Запад | E293: РАФАМИН | F293: 1577 | G293: 1373 | K293: -0.12935954
D294: ПроРеспи М18 Северо-Запад | E294: РАФАМИН | F294: 1249 | G294: 1115 | K294: -0.10728583
D295: ПроРеспи М19 Северо-Восток | E295: РАФАМИН | F295: 1820 | G295: 1415 | K295: -0.22252747
C296: Дмитраш А.В. | D296: ПроРеспи М2 Юго-Восток | E296: РАФАМИН | F296: 3516 | G296: 2870 | K296: -0.18373151
C297: Кабатова И.А. | D297: ПроРеспи М20 Северо-Восток | E297: РАФАМИН | F297: 1843 | G297: 1919 | K297: 0.041237113
C298: Каманова А.А. | D298: ПроРеспи М3 Восток | E298: РАФАМИН | F298: 1463 | G298: 1500 | K298: 0.025290499
C299: Абазова А.С. | D299: ПроРеспи М4 Восток | E299: РАФАМИН | F299: 1953 | G299: 1935 | K299: -0.0092165899
C300: Юрова А.В. | D300: ПроРеспи М5 Центр | E300: РАФАМИН | F300: 2296 | G300: 2605 | K300: 0.13458188
C301: Шебалкова Т.Н. | D301: ПроРеспи М6 Центр | E301: РАФАМИН | F301: 2029 | G301: 2248 | K301: 0.10793494
C302: Иванова А.В. | D302: ПроРеспи М7 Запад | E302: РАФАМИН | F302: 1973 | G302: 1795 | K302: -0.090217942
D303: ПроРеспи М8 Запад | E303: РАФАМИН | F303: 2790 | G303: 2142 | K303: -0.23225806
D304: ПроРеспи М9 Юго-Запад | E304: РАФАМИН | F304: 1079 | G304: 1036 | K304: -0.039851715
C305: Дренин К.В. | D305: ПроРеспи МО1 Северо-Восток | E305: РАФАМИН | F305: 4501 | G305: 5549 | K305: 0.23283715
C306: Борисенко Е.П. | D306: ПроРеспи МО10 Запад | E306: РАФАМИН | F306: 2343 | G306: 3054 | K306: 0.30345711
C307: Осипова Ю.С. | D307: ПроРеспи МО11 Северо-Запад | E307: РАФАМИН | F307: 3112 | G307: 3623 | K307: 0.16420308
C308: Атаханова А.Г. | D308: ПроРеспи МО12 Север | E308: РАФАМИН | F308: 4810 | G308: 4286 | K308: -0.10893971
C309: Алешина Л.Г. | D309: ПроРеспи МО2 Восток | E309: РАФАМИН | F309: 2252 | G309: 2286 | K309: 0.015097691
C310: Новикова Е.С. | D310: ПроРеспи МО3 Восток | E310: РАФАМИН | F310: 3427 | G310: 4239 | K310: 0.23694193
...

Sheet ПРОСПЕКТА_регионы
B1: Регион ММХ | C1: Область | D1: Менеджер | E1: Сотрудник | F1: Эшелон | H1: Оценка (мп.), % | I1: Оценка общая (рук.), % | J1: Оценка эффективности коммуникации (рук.), % | K1: Оценка навыки продаж (рук.), % | L1: Выполнение плана | M1: Динамика региона
A2: 32 | B2: Сибирь | C2: Алтайский край | D2: Миронова О.В. | E2: Чуданов В.Е. | F2: 8. ПРОРЕСПИ_РФ | H2: 0.54411765 | I2: 0.33823529 | J2: =VLOOKUP(E2,'Эффективная коммуникация оценка'!$E$1:$P$297,12,0) -> 0.35 | K2: =VLOOKUP(E2,'навыки техники продаж оценка'!$E$2:$P$297,12,0) -> 0.33333333 | L2: 73.382393 | M2: 14.355639
A3: 156 | B3: Сибирь | C3: Алтайский край | D3: Миронова О.В. | E3: Егудина М.А. | F3: 8. ПРОСПЕЦ_РФ | I3: 0.58823529 | J3: =VLOOKUP(E3,'Эффективная коммуникация оценка'!$E$1:$P$297,12,0) -> 0.6 | K3: =VLOOKUP(E3,'навыки техники продаж оценка'!$E$2:$P$297,12,0) -> 0.58333333 | L3: 73.382393 | M3: 14.355639
A4: 248 | B4: Сибирь | C4: Алтайский край | D4: Миронова О.В. | E4: Червова О.В. | F4: 8. ПРОРЕСПИ_РФ | H4: 0.55882353 | I4: 0.63235294 | J4: =VLOOKUP(E4,'Эффективная коммуникация оценка'!$E$1:$P$297,12,0) -> 0.65 | K4: =VLOOKUP(E4,'навыки техники продаж оценка'!$E$2:$P$297,12,0) -> 0.5 | L4: 73.382393 | M4: 14.355639
A5: 255 | B5: Сибирь | C5: Алтайский край | D5: Миронова О.В. | E5: Петрова Е.А. | F5: 8. ПРОСПЕЦ_РФ | H5: 0.63235294 | I5: 0.58823529 | J5: =VLOOKUP(E5,'Эффективная коммуникация оценка'!$E$1:$P$297,12,0) -> 0.7 | K5: =VLOOKUP(E5,'навыки техники продаж оценка'!$E$2:$P$297,12,0) -> 0.58333333 | L5: 73.382393 | M5: 14.355639
A6: 151 | B6: Северо-Запад | C6: Архангельская обл | D6: Евсеева М.Ю. | E6: Фролова Н.Г. | F6: 8. ПРОСПЕЦ_РФ | H6: 0.5 | I6: 0.55882353 | J6: =VLOOKUP(E6,'Эффективная коммуникация оценка'!$E$1:$P$297,12,0) -> 0.6 | K6: =VLOOKUP(E6,'навыки техники продаж оценка'!$E$2:$P$297,12,0) -> 0.5 | L6: 78.088038 | M6: 17.310863
A7: 188 | B7: Северо-Запад | C7: Архангельская обл | D7: Евсеева М.Ю. | E7: Данилюк Н.В. | F7: 8. ПРОРЕСПИ_РФ | H7: 0.52941176 | I7: 0.63235294 | J7: =VLOOKUP(E7,'Эффективная коммуникация оценка'!$E$1:$P$297,12,0) -> 0.75 | K7: =VLOOKUP(E7,'навыки техники продаж оценка'!$E$2:$P$297,12,0) -> 0.66666667 | L7: 78.088038 | M7: 17.310863
A8: 163 | B8: Юг | C8: Астраханская обл | D8: Петровская О.В. | E8: Хайрлиева Г.С. | F8: 8. ПРОСПЕЦ_РФ | H8: 0.64705882 | I8: 0.76470588 | J8: =VLOOKUP(E8,'Эффективная коммуникация оценка'!$E$1:$P$297,12,0) -> 0.8 | K8: =VLOOKUP(E8,'навыки техники продаж оценка'!$E$2:$P$297,12,0) -> 0.75 | L8: 90.9648 | M8: 77.74993
A9: 221 | B9: Юг | C9: Астраханская обл | D9: Петровская О.В. | E9: Вострикова З.Ф. | F9: 8. ПРОРЕСПИ_РФ | H9: 0.51470588 | I9: 0.67647059 | J9: =VLOOKUP(E9,'Эффективная коммуникация оценка'!$E$1:$P$297,12,0) -> 0.7 | K9: =VLOOKUP(E9,'навыки техники продаж оценка'!$E$2:$P$297,12,0) -> 0.58333333 | L9: 90.9648 | M9: 77.74993
A10: 13 | B10: Урал | C10: Башкортостан Респ | D10: Митяшева О.Б. | E10: Егорова И.В. | F10: 8. ПРОСПЕЦ_РФ | H10: 0.61764706 | I10: 0.80882353 | J10: =VLOOKUP(E10,'Эффективная коммуникация оценка'!$E$1:$P$297,12,0) -> 0.85 | K10: =VLOOKUP(E10,'навыки техники продаж оценка'!$E$2:$P$297,12,0) -> 0.66666667 | L10: 71.421748 | M10: 21.683936
A11: 15 | B11: Урал | C11: Башкортостан Респ | D11: Митяшева О.Б. | E11: Якушева А.А. | F11: 8. ПРОСПЕЦ_РФ | H11: 0.45588235 | I11: 0.63235294 | J11: =VLOOKUP(E11,'Эффективная коммуникация оценка'!$E$1:$P$297,12,0) -> 0.7 | K11: =VLOOKUP(E11,'навыки техники продаж оценка'!$E$2:$P$297,12,0) -> 0.58333333 | L11: 71.421748 | M11: 21.683936
A12: 31 | B12: Урал | C12: Башкортостан Респ | D12: Машукова О.М. | E12: Ваняшкина Е.С. | F12: 8. ПРОРЕСПИ_РФ | H12: 0.38235294 | I12: 0.38235294 | J12: =VLOOKUP(E12,'Эффективная коммуникация оценка'!$E$1:$P$297,12,0) -> 0.45 | K12: =VLOOKUP(E12,'навыки техники продаж оценка'!$E$2:$P$297,12,0) -> 0.33333333 | L12: 71.421748 | M12: 21.683936
A13: 49 | B13: Урал | C13: Башкортостан Респ | D13: Машукова О.М. | E13: Курбангулова Г.Ю. | F13: 8. ПРОРЕСПИ_РФ | H13: 0.52941176 | I13: 0.60294118 | J13: =VLOOKUP(E13,'Эффективная коммуникация оценка'!$E$1:$P$297,12,0) -> 0.75 | K13: =VLOOKUP(E13,'навыки техники продаж оценка'!$E$2:$P$297,12,0) -> 0.58333333 | L13: 71.421748 | M13: 21.683936
A14: 132 | B14: Урал | C14: Башкортостан Респ | D14: Митяшева О.Б. | E14: Зегер Е.О. | F14: 8. ПРОСПЕЦ_РФ | H14: 0.69117647 | I14: 0.86764706 | J14: =VLOOKUP(E14,'Эффективная коммуникация оценка'!$E$1:$P$297,12,0) -> 0.9 | K14: =VLOOKUP(E14,'навыки техники продаж оценка'!$E$2:$P$297,12,0) -> 0.66666667 | L14: 71.421748 | M14: 21.683936
A15: 164 | B15: Урал | C15: Башкортостан Респ | D15: Машукова О.М. | E15: Шастова И.С. | F15: 8. ПРОРЕСПИ_РФ | H15: 0.67647059 | I15: 0.83823529 | J15: =VLOOKUP(E15,'Эффективная коммуникация оценка'!$E$1:$P$297,12,0) -> 0.95 | K15: =VLOOKUP(E15,'навыки техники продаж оценка'!$E$2:$P$297,12,0) -> 0.75 | L15: 71.421748 | M15: 21.683936
... A92: 100 | B92: Москва | C92: Москва г | D92: Котельникова Е.Б. | E92: Кабатова И.А. | F92: 8. ПРОРЕСПИ_РФ | H92: 0.66176471 | I92: 0.69117647 | J92: =VLOOKUP(E92,'Эффективная коммуникация оценка'!$E$1:$P$297,12,0) -> 0.7 | K92: =VLOOKUP(E92,'навыки техники продаж оценка'!$E$2:$P$297,12,0) -> 0.75 | L92: 62.882604 | M92: 33.032787
A93: 112 | B93: Москва | C93: Москва г | D93: Мальцева А.А. | E93: Кравцова А.С. | F93: 8. ПРОСПЕЦ_РФ | I93: 0.51470588 | J93: =VLOOKUP(E93,'Эффективная коммуникация оценка'!$E$1:$P$297,12,0) -> 0.55 | K93: =VLOOKUP(E93,'навыки техники продаж оценка'!$E$2:$P$297,12,0) -> 0.5 | L93: 62.882604 | M93: 33.032787
A94: 130 | B94: Москва | C94: Москва г | D94: Кавунова И.Г. | E94: Иванова А.В. | F94: 8. ПРОРЕСПИ_РФ | H94: 0.54411765 | I94: 0.60294118 | J94: =VLOOKUP(E94,'Эффективная коммуникация оценка'!$E$1:$P$297,12,0) -> 0.65 | K94: =VLOOKUP(E94,'навыки техники продаж оценка'!$E$2:$P$297,12,0) -> 0.58333333 | L94: 62.882604 | M94: 33.032787
A95: 134 | B95: Москва | C95: Москва г | D95: Мальцева А.А. | E95: Нефедова Э.С. | F95: 8. ПРОСПЕЦ_РФ | I95: 0.44117647 | J95: =VLOOKUP(E95,'Эффективная коммуникация оценка'!$E$1:$P$297,12,0) -> 0.4 | K95: =VLOOKUP(E95,'навыки техники продаж оценка'!$E$2:$P$297,12,0) -> 0.25 | L95: 62.882604 | M95: 33.032787
A96: 159 | B96: Москва | C96: Москва г | D96: Кавунова И.Г. | E96: Стрельникова М.Ю. | F96: 8. ПРОСПЕЦ_РФ | I96: 0.73529412 | J96: =VLOOKUP(E96,'Эффективная коммуникация оценка'!$E$1:$P$297,12,0) -> 0.7 | K96: =VLOOKUP(E96,'навыки техники продаж оценка'!$E$2:$P$297,12,0) -> 0.75 | L96: 62.882604 | M96: 33.032787
A97: 168 | B97: Москва | C97: Москва г | D97: Котельникова Е.Б. | E97: Каманова А.А. | F97: 8. ПРОРЕСПИ_РФ | H97: 0.54411765 | I97: 0.64705882 | J97: =VLOOKUP(E97,'Эффективная коммуникация оценка'!$E$1:$P$297,12,0) -> 0.65 | K97: =VLOOKUP(E97,'навыки техники продаж оценка'!$E$2:$P$297,12,0) -> 0.5 | L97: 62.882604 | M97: 33.032787
A98: 169 | B98: Москва | C98: Москва г | D98: Котельникова Е.Б. | E98: Егорова Т.И. | F98: 8. ПРОСПЕЦ_РФ | H98: 0.48529412 | I98: 0.67647059 | J98: =VLOOKUP(E98,'Эффективная коммуникация оценка'!$E$1:$P$297,12,0) -> 0.65 | K98: =VLOOKUP(E98,'навыки техники продаж оценка'!$E$2:$P$297,12,0) -> 0.58333333 | L98: 62.882604 | M98: 33.032787
A99: 190 | B99: Москва | C99: Москва г | D99: Скрылев А.В. | E99: Гарматин В.О. | F99: 8. ПРОСПЕЦ_РФ | I99: 0.5 | J99: =VLOOKUP(E99,'Эффективная коммуникация оценка'!$E$1:$P$297,12,0) -> 0.4 | K99: =VLOOKUP(E99,'навыки техники продаж оценка'!$E$2:$P$297,12,0) -> 0.58333333 | L99: 62.882604 | M99: 33.032787
A100: 202 | B100: Москва | C100: Москва г | D100: Котельникова Е.Б. | E100: Грязнова О.А. | F100: 8. ПРОРЕСПИ_РФ | H100: 0.69117647 | I100: 0.69117647 | J100: =VLOOKUP(E100,'Эффективная коммуникация оценка'!$E$1:$P$297,12,0) -> 0.6 | K100: =VLOOKUP(E100,'навыки техники продаж оценка'!$E$2:$P$297,12,0) -> 0.58333333 | L100: 62.882604 | M100: 33.032787
A101: 210 | B101: Москва | C101: Москва г | D101: Кавунова И.Г. | E101: Селезнева Ю.В. | F101: 8. ПРОРЕСПИ_РФ | H101: 0.57352941 | I101: 0.55882353 | J101: =VLOOKUP(E101,'Эффективная коммуникация оценка'!$E$1:$P$297,12,0) -> 0.55 | K101: =VLOOKUP(E101,'навыки техники продаж оценка'!$E$2:$P$297,12,0) -> 0.66666667 | L101: 62.882604 | M101: 33.032787
A102: 212 | B102: Москва | C102: Москва г | D102: Мальцева А.А. | E102: Юрова А.В. | F102: 8. ПРОРЕСПИ_РФ | H102: 0.5 | I102: 0.60294118 | J102: =VLOOKUP(E102,'Эффективная коммуникация оценка'!$E$1:$P$297,12,0) -> 0.6 | K102: =VLOOKUP(E102,'навыки техники продаж оценка'!$E$2:$P$297,12,0) -> 0.58333333 | L102: 62.882604 | M102: 33.032787
A103: 218 | B103: Москва | C103: Москва г | D103: Котельникова Е.Б. | E103: Касимова М.М. | F103: 8. ПРОСПЕЦ_РФ | H103: 0.75 | I103: 0.63235294 | J103: =VLOOKUP(E103,'Эффективная коммуникация оценка'!$E$1:$P$297,12,0) -> 0.8 | K103: =VLOOKUP(E103,'навыки техники продаж оценка'!$E$2:$P$297,12,0) -> 0.58333333 | L103: 62.882604 | M103: 33.032787
A104: 219 | B104: Москва | C104: Москва г | D104: Мальцева А.А. | E104: Шебалкова Т.Н. | F104: 8. ПРОРЕСПИ_РФ | H104: 0.60294118 | I104: 0.83823529 | J104: =VLOOKUP(E104,'Эффективная коммуникация оценка'!$E$1:$P$297,12,0) -> 0.85 | K104: =VLOOKUP(E104,'навыки техники продаж оценка'!$E$2:$P$297,12,0) -> 0.91666667 | L104: 62.882604 | M104: 33.032787
A105: 234 | B105: Москва | C105: Москва г | D105: Мальцева А.А. | E105: Сагиндыкова Д.А. | F105: 8. ПРОСПЕЦ_РФ | H105: 0.42647059 | I105: 0.58823529 | J105: =VLOOKUP(E105,'Эффективная коммуникация оценка'!$E$1:$P$297,12,0) -> 0.55 | K105: =VLOOKUP(E105,'навыки техники продаж оценка'!$E$2:$P$297,12,0) -> 0.58333333 | L105: 62.882604 | M105: 33.032787
A106: 236 | B106: Москва | C106: Москва г | D106: Мальцева А.А. | E106: Наумова А.А. | F106: 8. ПРОСПЕЦ_РФ | I106: 0.69117647 | J106: =VLOOKUP(E106,'Эффективная коммуникация оценка'!$E$1:$P$297,12,0) -> 0.85 | K106: =VLOOKUP(E106,'навыки техники продаж оценка'!$E$2:$P$297,12,0) -> 0.58333333 | L106: 62.882604 | M106: 33.032787
A107: 240 | B107: Москва | C107: Москва г | D107: Скрылев А.В. | E107: Жукова А.И. | F107: 8. ПРОСПЕЦ_РФ | H107: 0.52941176 | I107: 0.76470588 | J107: =VLOOKUP(E107,'Эффективная коммуникация оценка'!$E$1:$P$297,12,0) -> 0.75 | K107: =VLOOKUP(E107,'навыки техники продаж оценка'!$E$2:$P$297,12,0) -> 0.75 | L107: 62.882604 | M107: 33.032787
A108: 251 | B108: Москва | C108: Москва г | D108: Котельникова Е.Б. | E108: Веденина Т.Ю. | F108: 8. ПРОСПЕЦ_РФ | H108: 0.66176471 | I108: 0.70588235 | J108: =VLOOKUP(E108,'Эффективная коммуникация оценка'!$E$1:$P$297,12,0) -> 0.65 | K108: =VLOOKUP(E108,'навыки техники продаж оценка'!$E$2:$P$297,12,0) -> 0.66666667 | L108: 62.882604 | M108: 33.032787
A109: 7 | B109: Москва | C109: Московская обл | D109: Давыдова Е.В. | E109: Сурова О.И. | F109: 8. ПРОРЕСПИ_РФ | I109: 0.38235294 | J109: =VLOOKUP(E109,'Эффективная коммуникация оценка'!$E$1:$P$297,12,0) -> 0.4 | K109: =VLOOKUP(E109,'навыки техники продаж оценка'!$E$2:$P$297,12,0) -> 0.25 | L109: 74.941905 | M109: 34.830339
A110: 12 | B110: Москва | C110: Московская обл | D110: Давыдова Е.В. | E110: Николаева Е.А. | F110: 8. ПРОСПЕЦ_РФ | H110: 0.61764706 | I110: 0.70588235 | J110: =VLOOKUP(E110,'Эффективная коммуникация оценка'!$E$1:$P$297,12,0) -> 0.85 | K110: =VLOOKUP(E110,'навыки техники продаж оценка'!$E$2:$P$297,12,0) -> 0.66666667 | L110: 74.941905 | M110: 34.830339
A111: 23 | B111: Москва | C111: Московская обл | D111: Давыдова Е.В. | E111: Алешина Л.Г. | F111: 8. ПРОРЕСПИ_РФ | H111: 0.72058824 | I111: 0.64705882 | J111: =VLOOKUP(E111,'Эффективная коммуникация оценка'!$E$1:$P$297,12,0) -> 0.7 | K111: =VLOOKUP(E111,'навыки техники продаж оценка'!$E$2:$P$297,12,0) -> 0.66666667 | L111: 74.941905 | M111: 34.830339
A112: 28 | B112: Москва | C112: Московская обл | D112: Скрылев А.В. | E112: Панкратов В.А. | F112: 8. ПРОРЕСПИ_РФ | H112: 0.70588235 | I112: 0.67647059 | J112: =VLOOKUP(E112,'Эффективная коммуникация оценка'!$E$1:$P$297,12,0) -> 0.7 | K112: =VLOOKUP(E112,'навыки техники продаж оценка'!$E$2:$P$297,12,0) -> 0.75 | L112: 74.941905 | M112: 34.830339
A113: 40 | B113: Москва | C113: Московская обл | D113: Давыдова Е.В. | E113: Прудникова Ю.С. | F113: 8. ПРОСПЕЦ_РФ | H113: 0.44117647 | I113: 0.72058824 | J113: =VLOOKUP(E113,'Эффективная коммуникация оценка'!$E$1:$P$297,12,0) -> 0.8 | K113: =VLOOKUP(E113,'навыки техники продаж оценка'!$E$2:$P$297,12,0) -> 0.66666667 | L113: 74.941905 | M113: 34.830339
A114: 44 | B114: Москва | C114: Московская обл | D114: Давыдова Е.В. | E114: Шубин Я.А. | F114: 8. ПРОРЕСПИ_РФ | H114: 0.57352941 | I114: 0.61764706 | J114: =VLOOKUP(E114,'Эффективная коммуникация оценка'!$E$1:$P$297,12,0) -> 0.55 | K114: =VLOOKUP(E114,'навыки техники продаж оценка'!$E$2:$P$297,12,0) -> 0.58333333 | L114: 74.941905 | M114: 34.830339
A115: 52 | B115: Москва | C115: Московская обл | D115: Скрылев А.В. | E115: Туркина В.С. | F115: 8. ПРОСПЕЦ_РФ | H115: 0.52941176 | I115: 0.80882353 | J115: =VLOOKUP(E115,'Эффективная коммуникация оценка'!$E$1:$P$297,12,0) -> 0.85 | K115: =VLOOKUP(E115,'навыки техники продаж оценка'!$E$2:$P$297,12,0) -> 0.83333333 | L115: 74.941905 | M115: 34.830339
A116: 59 | B116: Москва | C116: Московская обл | D116: Давыдова Е.В. | E116: Лесничая М.А. | F116: 8. ПРОСПЕЦ_РФ | H116: 0.36764706 | I116: 0.60294118 | J116: =VLOOKUP(E116,'Эффективная коммуникация оценка'!$E$1:$P$297,12,0) -> 0.6 | K116: =VLOOKUP(E116,'навыки техники продаж оценка'!$E$2:$P$297,12,0) -> 0.5 | L116: 74.941905 | M116: 34.830339
A117: 68 | B117: Москва | C117: Московская обл | D117: Скрылев А.В. | E117: Терзи Т.И. | F117: 8. ПРОСПЕЦ_РФ | H117: 0.55882353 | I117: 0.82352941 | J117: =VLOOKUP(E117,'Эффективная коммуникация оценка'!$E$1:$P$297,12,0) -> 0.85 | K117: =VLOOKUP(E117,'навыки техники продаж оценка'!$E$2:$P$297,12,0) -> 0.91666667 | L117: 74.941905 | M117: 34.830339
A118: 124 | B118: Москва | C118: Московская обл | D118: Скрылев А.В. | E118: Борисенко Е.П. | F118: 8. ПРОРЕСПИ_РФ | H118: 0.60294118 | I118: 0.69117647 | J118: =VLOOKUP(E118,'Эффективная коммуникация оценка'!$E$1:$P$297,12,0) -> 0.7 | K118: =VLOOKUP(E118,'навыки техники продаж оценка'!$E$2:$P$297,12,0) -> 0.91666667 | L118: 74.941905 | M118: 34.830339
A119: 144 | B119: Москва | C119: Московская обл | D119: Давыдова Е.В. | E119: Фиронова А.А. | F119: 8. ПРОРЕСПИ_РФ | H119: 0.44117647 | I119: 0.64705882 | J119: =VLOOKUP(E119,'Эффективная коммуникация оценка'!$E$1:$P$297,12,0) -> 0.6 | K119: =VLOOKUP(E119,'навыки техники продаж оценка'!$E$2:$P$297,12,0) -> 0.5 | L119: 74.941905 | M119: 34.830339
A120: 162 | B120: Москва | C120: Московская обл | D120: Скрылев А.В. | E120: Осипова Ю.С. | F120: 8. ПРОРЕСПИ_РФ | H120: 0.61764706 | I120: 0.69117647 | J120: =VLOOKUP(E120,'Эффективная коммуникация оценка'!$E$1:$P$297,12,0) -> 0.75 | K120: =VLOOKUP(E120,'навыки техники продаж оценка'!$E$2:$P$297,12,0) -> 0.75 | L120: 74.941905 | M120: 34.830339
A121: 196 | B121: Москва | C121: Московская обл | D121: Скрылев А.В. | E121: Вяткина Е.В. | F121: 8. ПРОРЕСПИ_РФ | H121: 0.5 | I121: 0.70588235 | J121: =VLOOKUP(E121,'Эффективная коммуникация оценка'!$E$1:$P$297,12,0) -> 0.75 | K121: =VLOOKUP(E121,'навыки техники продаж оценка'!$E$2:$P$297,12,0) -> 0.83333333 | L121: 74.941905 | M121: 34.830339
... A126: 247 | B126: Москва | C126: Московская обл | D126: Давыдова Е.В. | E126: Дренин К.В. | F126: 8. ПРОРЕСПИ_РФ | H126: 0.76470588 | I126: 0.82352941 | J126: =VLOOKUP(E126,'Эффективная коммуникация оценка'!$E$1:$P$297,12,0) -> 0.95 | K126: =VLOOKUP(E126,'навыки техники продаж оценка'!$E$2:$P$297,12,0) -> 0.66666667 | L126: 74.941905 | M126: 34.830339
A127: 273 | B127: Москва | C127: Московская обл | D127: Скрылев А.В. | E127: Атаханова А.Г. | F127: 8. ПРОРЕСПИ_РФ | I127: 0.44117647 | J127: =VLOOKUP(E127,'Эффективная коммуникация оценка'!$E$1:$P$297,12,0) -> 0.55 | K127: =VLOOKUP(E127,'навыки техники продаж оценка'!$E$2:$P$297,12,0) -> 0.58333333 | L127: 74.941905 | M127: 34.830339
A128: 275 | B128: Москва | C128: Московская обл | D128: Давыдова Е.В. | E128: Лукьянов В.Н. | F128: 8. ПРОСПЕЦ_РФ | H128: 0.66176471 | I128: 0.67647059 | J128: =VLOOKUP(E128,'Эффективная коммуникация оценка'!$E$1:$P$297,12,0) -> 0.75 | K128: =VLOOKUP(E128,'навыки техники продаж оценка'!$E$2:$P$297,12,0) -> 0.58333333 | L128: 74.941905 | M128: 34.830339
A129: 179 | B129: Северо-Запад | C129: Мурманская обл | D129: Никон Е.В. | E129: Ченгаева Ю.Н. | F129: 8. ПРОРЕСПИ_РФ | H129: 0.47058824 | I129: 0.57352941 | J129: =VLOOKUP(E129,'Эффективная коммуникация оценка'!$E$1:$P$297,12,0) -> 0.65 | K129: =VLOOKUP(E129,'навыки техники продаж оценка'!$E$2:$P$297,12,0) -> 0.5 | L129: 83.483146 | M129: 38.039944
A130: 38 | B130: Волга | C130: Нижегородская обл | D130: Дмитриева Е.В. | E130: Вдовин Т.Р. | F130: 8. ПРОРЕСПИ_РФ | H130: 0.5 | I130: 0.58823529 | J130: =VLOOKUP(E130,'Эффективная коммуникация оценка'!$E$1:$P$297,12,0) -> 0.55 | K130: =VLOOKUP(E130,'навыки техники продаж оценка'!$E$2:$P$297,12,0) -> 0.58333333 | L130: 68.187661 | M130: 33.894205
A131: 74 | B131: Волга | C131: Нижегородская обл | D131: Дмитриева Е.В. | E131: Старцева В.А. | F131: 8. ПРОРЕСПИ_РФ | H131: 0.45588235 | I131: 0.54411765 | J131: =VLOOKUP(E131,'Эффективная коммуникация оценка'!$E$1:$P$297,12,0) -> 0.5 | K131: =VLOOKUP(E131,'навыки техники продаж оценка'!$E$2:$P$297,12,0) -> 0.5 | L131: 68.187661 | M131: 33.894205
A132: 98 | B132: Волга | C132: Нижегородская обл | D132: Надирова К.М. | E132: Широкова Т.А. | F132: 8. ПРОСПЕЦ_РФ | H132: 0.64705882 | I132: 0.57352941 | J132: =VLOOKUP(E132,'Эффективная коммуникация оценка'!$E$1:$P$297,12,0) -> 0.6 | K132: =VLOOKUP(E132,'навыки техники продаж оценка'!$E$2:$P$297,12,0) -> 0.66666667 | L132: 68.187661 | M132: 33.894205
A133: 106 | B133: Волга | C133: Нижегородская обл | D133: Дмитриева Е.В. | E133: Ефремова В.К. | F133: 8. ПРОРЕСПИ_РФ | H133: 0.70588235 | I133: 0.66176471 | J133: =VLOOKUP(E133,'Эффективная коммуникация оценка'!$E$1:$P$297,12,0) -> 0.65 | K133: =VLOOKUP(E133,'навыки техники продаж оценка'!$E$2:$P$297,12,0) -> 0.58333333 | L133: 68.187661 | M133: 33.894205
A134: 183 | B134: Волга | C134: Нижегородская обл | D134: Надирова К.М. | E134: Мышляева Н.М. | F134: 8. ПРОСПЕЦ_РФ | H134: 0.67647059 | I134: 0.48529412 | J134: =VLOOKUP(E134,'Эффективная коммуникация оценка'!$E$1:$P$297,12,0) -> 0.45 | K134: =VLOOKUP(E134,'навыки техники продаж оценка'!$E$2:$P$297,12,0) -> 0.5 | L134: 68.187661 | M134: 33.894205
A135: 187 | B135: Волга | C135: Нижегородская обл | D135: Дмитриева Е.В. | E135: Медведев А.А. | F135: 8. ПРОРЕСПИ_РФ | H135: 0.73529412 | I135: 0.83823529 | J135: =VLOOKUP(E135,'Эффективная коммуникация оценка'!$E$1:$P$297,12,0) -> 0.85 | K135: =VLOOKUP(E135,'навыки техники продаж оценка'!$E$2:$P$297,12,0) -> 0.83333333 | L135: 68.187661 | M135: 33.894205
A136: 67 | B136: Северо-Запад | C136: Новгородская обл | D136: Павлов Д.А. | E136: Шилова А.И. | F136: 8. ПРОРЕСПИ_РФ | H136: 0.55882353 | I136: 0.69117647 | J136: =VLOOKUP(E136,'Эффективная коммуникация оценка'!$E$1:$P$297,12,0) -> 0.9 | K136: =VLOOKUP(E136,'навыки техники продаж оценка'!$E$2:$P$297,12,0) -> 0.75 | L136: 93.878043 | M136: 48.042569
A137: 3 | B137: Сибирь | C137: Новосибирская обл | D137: Зинченко Т.М. | E137: Ильиных С.С. | F137: 8. ПРОРЕСПИ_РФ | H137: 0.58823529 | I137: 0.63235294 | J137: =VLOOKUP(E137,'Эффективная коммуникация оценка'!$E$1:$P$297,12,0) -> 0.75 | K137: =VLOOKUP(E137,'навыки техники продаж оценка'!$E$2:$P$297,12,0) -> 0.5 | L137: 67.127952 | M137: 8.7852751
A138: 10 | B138: Сибирь | C138: Новосибирская обл | D138: Зинченко Т.М. | E138: Орлова Ю.В. | F138: 8. ПРОСПЕЦ_РФ | H138: 0.70588235 | I138: 0.72058824 | J138: =VLOOKUP(E138,'Эффективная коммуникация оценка'!$E$1:$P$297,12,0) -> 0.75 | K138: =VLOOKUP(E138,'навыки техники продаж оценка'!$E$2:$P$297,12,0) -> 0.66666667 | L138: 67.127952 | M138: 8.7852751
A139: 91 | B139: Сибирь | C139: Новосибирская обл | D139: Зинченко Т.М. | E139: Ганина О.В. | F139: 8. ПРОСПЕЦ_РФ | H139: 0.57352941 | I139: 0.70588235 | J139: =VLOOKUP(E139,'Эффективная коммуникация оценка'!$E$1:$P$297,12,0) -> 0.8 | K139: =VLOOKUP(E139,'навыки техники продаж оценка'!$E$2:$P$297,12,0) -> 0.58333333 | L139: 67.127952 | M139: 8.7852751
... A280: 264 | B280: Центр | C280: Ярославская обл | D280: Глушков М.В. | E280: Карпов С.С. | F280: 8. ПРОСПЕЦ_РФ | H280: 0.44117647 | I280: 0.55882353 | J280: =VLOOKUP(E280,'Эффективная коммуникация оценка'!$E$1:$P$297,12,0) -> 0.65 | K280: =VLOOKUP(E280,'навыки техники продаж оценка'!$E$2:$P$297,12,0) -> 0.5 | L280: 77.831102 | M280: 0.31470429

Sheet ПРОСПЕКТА_брикирегионы
B1: Регион ММХ | C1: Область | D1: Менеджер | E1: Сотрудник | F1: Эшелон | G1: Брик | H1: Оценка (мп.), % | I1: Оценка общая (рук.), % | J1: Оценка эффективности коммуникации (рук.), % | K1: Оценка навыки продаж (рук.), % | L1: Динамика региона
A2: 32 | B2: Сибирь | C2: Алтайский край | D2: Миронова О.В. | E2: Чуданов В.Е. | F2: 8. ПРОРЕСПИ_РФ | H2: 0.54411765 | I2: 0.33823529 | J2: =VLOOKUP(E2,'Эффективная коммуникация оценка'!$E$1:$P$297,12,0) -> 0.35 | K2: =VLOOKUP(E2,'навыки техники продаж оценка'!$E$2:$P$297,12,0) -> 0.33333333 | L2: 14.355639
A3: 156 | B3: Сибирь | C3: Алтайский край | D3: Миронова О.В. | E3: Егудина М.А. | F3: 8. ПРОСПЕЦ_РФ | I3: 0.58823529 | J3: =VLOOKUP(E3,'Эффективная коммуникация оценка'!$E$1:$P$297,12,0) -> 0.6 | K3: =VLOOKUP(E3,'навыки техники продаж оценка'!$E$2:$P$297,12,0) -> 0.58333333 | L3: 14.355639
A4: 248 | B4: Сибирь | C4: Алтайский край | D4: Миронова О.В. | E4: Червова О.В. | F4: 8. ПРОРЕСПИ_РФ | H4: 0.55882353 | I4: 0.63235294 | J4: =VLOOKUP(E4,'Эффективная коммуникация оценка'!$E$1:$P$297,12,0) -> 0.65 | K4: =VLOOKUP(E4,'навыки техники продаж оценка'!$E$2:$P$297,12,0) -> 0.5 | L4: 14.355639
A5: 255 | B5: Сибирь | C5: Алтайский край | D5: Миронова О.В. | E5: Петрова Е.А. | F5: 8. ПРОСПЕЦ_РФ | H5: 0.63235294 | I5: 0.58823529 | J5: =VLOOKUP(E5,'Эффективная коммуникация оценка'!$E$1:$P$297,12,0) -> 0.7 | K5: =VLOOKUP(E5,'навыки техники продаж оценка'!$E$2:$P$297,12,0) -> 0.58333333 | L5: 14.355639
A6: 151 | B6: Северо-Запад | C6: Архангельская обл | D6: Евсеева М.Ю. | E6: Фролова Н.Г. | F6: 8. ПРОСПЕЦ_РФ | H6: 0.5 | I6: 0.55882353 | J6: =VLOOKUP(E6,'Эффективная коммуникация оценка'!$E$1:$P$297,12,0) -> 0.6 | K6: =VLOOKUP(E6,'навыки техники продаж оценка'!$E$2:$P$297,12,0) -> 0.5 | L6: 17.310863
A7: 188 | B7: Северо-Запад | C7: Архангельская обл | D7: Евсеева М.Ю. | E7: Данилюк Н.В. | F7: 8. ПРОРЕСПИ_РФ | H7: 0.52941176 | I7: 0.63235294 | J7: =VLOOKUP(E7,'Эффективная коммуникация оценка'!$E$1:$P$297,12,0) -> 0.75 | K7: =VLOOKUP(E7,'навыки техники продаж оценка'!$E$2:$P$297,12,0) -> 0.66666667 | L7: 17.310863
A8: 163 | B8: Юг | C8: Астраханская обл | D8: Петровская О.В. | E8: Хайрлиева Г.С. | F8: 8. ПРОСПЕЦ_РФ | H8: 0.64705882 | I8: 0.76470588 | J8: =VLOOKUP(E8,'Эффективная коммуникация оценка'!$E$1:$P$297,12,0) -> 0.8 | K8: =VLOOKUP(E8,'навыки техники продаж оценка'!$E$2:$P$297,12,0) -> 0.75 | L8: 77.74993
A9: 221 | B9: Юг | C9: Астраханская обл | D9: Петровская О.В. | E9: Вострикова З.Ф. | F9: 8. ПРОРЕСПИ_РФ | H9: 0.51470588 | I9: 0.67647059 | J9: =VLOOKUP(E9,'Эффективная коммуникация оценка'!$E$1:$P$297,12,0) -> 0.7 | K9: =VLOOKUP(E9,'навыки техники продаж оценка'!$E$2:$P$297,12,0) -> 0.58333333 | L9: 77.74993
A10: 13 | B10: Урал | C10: Башкортостан Респ | D10: Митяшева О.Б. | E10: Егорова И.В. | F10: 8. ПРОСПЕЦ_РФ | H10: 0.61764706 | I10: 0.80882353 | J10: =VLOOKUP(E10,'Эффективная коммуникация оценка'!$E$1:$P$297,12,0) -> 0.85 | K10: =VLOOKUP(E10,'навыки техники продаж оценка'!$E$2:$P$297,12,0) -> 0.66666667 | L10: 21.683936
A11: 15 | B11: Урал | C11: Башкортостан Респ | D11: Митяшева О.Б. | E11: Якушева А.А. | F11: 8. ПРОСПЕЦ_РФ | H11: 0.45588235 | I11: 0.63235294 | J11: =VLOOKUP(E11,'Эффективная коммуникация оценка'!$E$1:$P$297,12,0) -> 0.7 | K11: =VLOOKUP(E11,'навыки техники продаж оценка'!$E$2:$P$297,12,0) -> 0.58333333 | L11: 21.683936
A12: 31 | B12: Урал | C12: Башкортостан Респ | D12: Машукова О.М. | E12: Ваняшкина Е.С. | F12: 8. ПРОРЕСПИ_РФ | H12: 0.38235294 | I12: 0.38235294 | J12: =VLOOKUP(E12,'Эффективная коммуникация оценка'!$E$1:$P$297,12,0) -> 0.45 | K12: =VLOOKUP(E12,'навыки техники продаж оценка'!$E$2:$P$297,12,0) -> 0.33333333 | L12: 21.683936
A13: 49 | B13: Урал | C13: Башкортостан Респ | D13: Машукова О.М. | E13: Курбангулова Г.Ю. | F13: 8. ПРОРЕСПИ_РФ | H13: 0.52941176 | I13: 0.60294118 | J13: =VLOOKUP(E13,'Эффективная коммуникация оценка'!$E$1:$P$297,12,0) -> 0.75 | K13: =VLOOKUP(E13,'навыки техники продаж оценка'!$E$2:$P$297,12,0) -> 0.58333333 | L13: 21.683936
A14: 132 | B14: Урал | C14: Башкортостан Респ | D14: Митяшева О.Б. | E14: Зегер Е.О. | F14: 8. ПРОСПЕЦ_РФ | H14: 0.69117647 | I14: 0.86764706 | J14: =VLOOKUP(E14,'Эффективная коммуникация оценка'!$E$1:$P$297,12,0) -> 0.9 | K14: =VLOOKUP(E14,'навыки техники продаж оценка'!$E$2:$P$297,12,0) -> 0.66666667 | L14: 21.683936
A15: 164 | B15: Урал | C15: Башкортостан Респ | D15: Машукова О.М. | E15: Шастова И.С. | F15: 8. ПРОРЕСПИ_РФ | H15: 0.67647059 | I15: 0.83823529 | J15: =VLOOKUP(E15,'Эффективная коммуникация оценка'!$E$1:$P$297,12,0) -> 0.95 | K15: =VLOOKUP(E15,'навыки техники продаж оценка'!$E$2:$P$297,12,0) -> 0.75 | L15: 21.683936
... A92: 100 | B92: Москва | C92: ПроРеспи М20 Северо-Восток | D92: Котельникова Е.Б. | E92: Кабатова И.А. | F92: 8. ПРОРЕСПИ_РФ | H92: 0.66176471 | I92: 0.69117647 | J92: =VLOOKUP(E92,'Эффективная коммуникация оценка'!$E$1:$P$297,12,0) -> 0.7 | K92: =VLOOKUP(E92,'навыки техники продаж оценка'!$E$2:$P$297,12,0) -> 0.75 | L92: 70.493129
A93: 112 | B93: Москва | C93: ПроСпец М8 Юго- Восток | D93: Мальцева А.А. | E93: Кравцова А.С. | F93: 8. ПРОСПЕЦ_РФ | I93: 0.51470588 | J93: =VLOOKUP(E93,'Эффективная коммуникация оценка'!$E$1:$P$297,12,0) -> 0.55 | K93: =VLOOKUP(E93,'навыки техники продаж оценка'!$E$2:$P$297,12,0) -> 0.5 | L93: 23.695261
A94: 130 | B94: Москва | C94: ПроРеспи М7 Запад | D94: Кавунова И.Г. | E94: Иванова А.В. | F94: 8. ПРОРЕСПИ_РФ | H94: 0.54411765 | I94: 0.60294118 | J94: =VLOOKUP(E94,'Эффективная коммуникация оценка'!$E$1:$P$297,12,0) -> 0.65 | K94: =VLOOKUP(E94,'навыки техники продаж оценка'!$E$2:$P$297,12,0) -> 0.58333333 | L94: 23.989397
A95: 134 | B95: Москва | C95: ПроСпец М6 Центр | D95: Мальцева А.А. | E95: Нефедова Э.С. | F95: 8. ПРОСПЕЦ_РФ | I95: 0.44117647 | J95: =VLOOKUP(E95,'Эффективная коммуникация оценка'!$E$1:$P$297,12,0) -> 0.4 | K95: =VLOOKUP(E95,'навыки техники продаж оценка'!$E$2:$P$297,12,0) -> 0.25 | L95: 30.995792
A96: 159 | B96: Москва | C96: ПроСпец М3 Юг | D96: Кавунова И.Г. | E96: Стрельникова М.Ю. | F96: 8. ПРОСПЕЦ_РФ | I96: 0.73529412 | J96: =VLOOKUP(E96,'Эффективная коммуникация оценка'!$E$1:$P$297,12,0) -> 0.7 | K96: =VLOOKUP(E96,'навыки техники продаж оценка'!$E$2:$P$297,12,0) -> 0.75 | L96: 20.444444
A97: 168 | B97: Москва | C97: ПроРеспи М3 Восток | D97: Котельникова Е.Б. | E97: Каманова А.А. | F97: 8. ПРОРЕСПИ_РФ | H97: 0.54411765 | I97: 0.64705882 | J97: =VLOOKUP(E97,'Эффективная коммуникация оценка'!$E$1:$P$297,12,0) -> 0.65 | K97: =VLOOKUP(E97,'навыки техники продаж оценка'!$E$2:$P$297,12,0) -> 0.5 | L97: 38.821138
A98: 169 | B98: Москва | C98: ПроСпец М11 Северо-Восток | D98: Котельникова Е.Б. | E98: Егорова Т.И. | F98: 8. ПРОСПЕЦ_РФ | H98: 0.48529412 | I98: 0.67647059 | J98: =VLOOKUP(E98,'Эффективная коммуникация оценка'!$E$1:$P$297,12,0) -> 0.65 | K98: =VLOOKUP(E98,'навыки техники продаж оценка'!$E$2:$P$297,12,0) -> 0.58333333 | L98: 55.750118
A99: 190 | B99: Москва | C99: ПроСпец МО8 ТиНАО | D99: Скрылев А.В. | E99: Гарматин В.О. | F99: 8. ПРОСПЕЦ_РФ | I99: 0.5 | J99: =VLOOKUP(E99,'Эффективная коммуникация оценка'!$E$1:$P$297,12,0) -> 0.4 | K99: =VLOOKUP(E99,'навыки техники продаж оценка'!$E$2:$P$297,12,0) -> 0.58333333 | L99: 50.302623
A100: 202 | B100: Москва | C100: ПроРеспи М17 Северо-Запад | D100: Котельникова Е.Б. | E100: Грязнова О.А. | F100: 8. ПРОРЕСПИ_РФ | H100: 0.69117647 | I100: 0.69117647 | J100: =VLOOKUP(E100,'Эффективная коммуникация оценка'!$E$1:$P$297,12,0) -> 0.6 | K100: =VLOOKUP(E100,'навыки техники продаж оценка'!$E$2:$P$297,12,0) -> 0.58333333 | L100: 35.651214
A101: 210 | B101: Москва | C101: ПроРеспи М12 Юг | D101: Кавунова И.Г. | E101: Селезнева Ю.В. | F101: 8. ПРОРЕСПИ_РФ | H101: 0.57352941 | I101: 0.55882353 | J101: =VLOOKUP(E101,'Эффективная коммуникация оценка'!$E$1:$P$297,12,0) -> 0.55 | K101: =VLOOKUP(E101,'навыки техники продаж оценка'!$E$2:$P$297,12,0) -> 0.66666667 | L101: 29.374337
A102: 212 | B102: Москва | C102: ПроРеспи М5 Центр | D102: Мальцева А.А. | E102: Юрова А.В. | F102: 8. ПРОРЕСПИ_РФ | H102: 0.5 | I102: 0.60294118 | J102: =VLOOKUP(E102,'Эффективная коммуникация оценка'!$E$1:$P$297,12,0) -> 0.6 | K102: =VLOOKUP(E102,'навыки техники продаж оценка'!$E$2:$P$297,12,0) -> 0.58333333 | L102: 30.995792
A103: 218 | B103: Москва | C103: ПроСпец М10 Восток-Северо-Восток | D103: Котельникова Е.Б. | E103: Касимова М.М. | F103: 8. ПРОСПЕЦ_РФ | H103: 0.75 | I103: 0.63235294 | J103: =VLOOKUP(E103,'Эффективная коммуникация оценка'!$E$1:$P$297,12,0) -> 0.8 | K103: =VLOOKUP(E103,'навыки техники продаж оценка'!$E$2:$P$297,12,0) -> 0.58333333 | L103: 39.593496
A104: 219 | B104: Москва | C104: ПроРеспи М6 Центр | D104: Мальцева А.А. | E104: Шебалкова Т.Н. | F104: 8. ПРОРЕСПИ_РФ | H104: 0.60294118 | I104: 0.83823529 | J104: =VLOOKUP(E104,'Эффективная коммуникация оценка'!$E$1:$P$297,12,0) -> 0.85 | K104: =VLOOKUP(E104,'навыки техники продаж оценка'!$E$2:$P$297,12,0) -> 0.91666667 | L104: 33.369099
A105: 234 | B105: Москва | C105: ПроСпец М7 Восток | D105: Мальцева А.А. | E105: Сагиндыкова Д.А. | F105: 8. ПРОСПЕЦ_РФ | H105: 0.42647059 | I105: 0.58823529 | J105: =VLOOKUP(E105,'Эффективная коммуникация оценка'!$E$1:$P$297,12,0) -> 0.55 | K105: =VLOOKUP(E105,'навыки техники продаж оценка'!$E$2:$P$297,12,0) -> 0.58333333 | L105: 42.105263
A106: 236 | B106: Москва | C106: ПроСпец М9 Юго- Восток-Юг | D106: Мальцева А.А. | E106: Наумова А.А. | F106: 8. ПРОСПЕЦ_РФ | I106: 0.69117647 | J106: =VLOOKUP(E106,'Эффективная коммуникация оценка'!$E$1:$P$297,12,0) -> 0.85 | K106: =VLOOKUP(E106,'навыки техники продаж оценка'!$E$2:$P$297,12,0) -> 0.58333333 | L106: 46.343975
A107: 240 | B107: Москва | C107: ПроСпец МО11 Север | D107: Скрылев А.В. | E107: Жукова А.И. | F107: 8. ПРОСПЕЦ_РФ | H107: 0.52941176 | I107: 0.76470588 | J107: =VLOOKUP(E107,'Эффективная коммуникация оценка'!$E$1:$P$297,12,0) -> 0.75 | K107: =VLOOKUP(E107,'навыки техники продаж оценка'!$E$2:$P$297,12,0) -> 0.75 | L107: 37.156761
A108: 251 | B108: Москва | C108: ПроСпец М12 Северо-Запад-Север | D108: Котельникова Е.Б. | E108: Веденина Т.Ю. | F108: 8. ПРОСПЕЦ_РФ | H108: 0.66176471 | I108: 0.70588235 | J108: =VLOOKUP(E108,'Эффективная коммуникация оценка'!$E$1:$P$297,12,0) -> 0.65 | K108: =VLOOKUP(E108,'навыки техники продаж оценка'!$E$2:$P$297,12,0) -> 0.66666667 | L108: 21.99842
A109: 7 | B109: Москва | C109: ПроРеспи МО6 Юго-Восток | D109: Давыдова Е.В. | E109: Сурова О.И. | F109: 8. ПРОРЕСПИ_РФ | I109: 0.38235294 | J109: =VLOOKUP(E109,'Эффективная коммуникация оценка'!$E$1:$P$297,12,0) -> 0.4 | K109: =VLOOKUP(E109,'навыки техники продаж оценка'!$E$2:$P$297,12,0) -> 0.25 | L109: 25
A110: 12 | B110: Москва | C110: ПроСпец МО3 Восток | D110: Давыдова Е.В. | E110: Николаева Е.А. | F110: 8. ПРОСПЕЦ_РФ | H110: 0.61764706 | I110: 0.70588235 | J110: =VLOOKUP(E110,'Эффективная коммуникация оценка'!$E$1:$P$297,12,0) -> 0.85 | K110: =VLOOKUP(E110,'навыки техники продаж оценка'!$E$2:$P$297,12,0) -> 0.66666667 | L110: 48.375
A111: 23 | B111: Москва | C111: ПроРеспи МО2 Восток | D111: Давыдова Е.В. | E111: Алешина Л.Г. | F111: 8. ПРОРЕСПИ_РФ | H111: 0.72058824 | I111: 0.64705882 | J111: =VLOOKUP(E111,'Эффективная коммуникация оценка'!$E$1:$P$297,12,0) -> 0.7 | K111: =VLOOKUP(E111,'навыки техники продаж оценка'!$E$2:$P$297,12,0) -> 0.66666667 | L111: 55.400572
A112: 28 | B112: Москва | C112: ПроРеспи МО8 Юг | D112: Скрылев А.В. | E112: Панкратов В.А. | F112: 8. ПРОРЕСПИ_РФ | H112: 0.70588235 | I112: 0.67647059 | J112: =VLOOKUP(E112,'Эффективная коммуникация оценка'!$E$1:$P$297,12,0) -> 0.7 | K112: =VLOOKUP(E112,'навыки техники продаж оценка'!$E$2:$P$297,12,0) -> 0.75 | L112: 23.8972
A113: 40 | B113: Москва | C113: ПроСпец МО4 Восток+Юго-Восток | D113: Давыдова Е.В. | E113: Прудникова Ю.С. | F113: 8. ПРОСПЕЦ_РФ | H113: 0.44117647 | I113: 0.72058824 | J113: =VLOOKUP(E113,'Эффективная коммуникация оценка'!$E$1:$P$297,12,0) -> 0.8 | K113: =VLOOKUP(E113,'навыки техники продаж оценка'!$E$2:$P$297,12,0) -> 0.66666667 | L113: 24.3125
A114: 44 | B114: Москва | C114: ПроРеспи МО5 Юго-Восток | D114: Давыдова Е.В. | E114: Шубин Я.А. | F114: 8. ПРОРЕСПИ_РФ | H114: 0.57352941 | I114: 0.61764706 | J114: =VLOOKUP(E114,'Эффективная коммуникация оценка'!$E$1:$P$297,12,0) -> 0.55 | K114: =VLOOKUP(E114,'навыки техники продаж оценка'!$E$2:$P$297,12,0) -> 0.58333333 | L114: 30.009407
A115: 52 | B115: Москва | C115: ПроСпец МО7 ЮГ | D115: Скрылев А.В. | E115: Туркина В.С. | F115: 8. ПРОСПЕЦ_РФ | H115: 0.52941176 | I115: 0.80882353 | J115: =VLOOKUP(E115,'Эффективная коммуникация оценка'!$E$1:$P$297,12,0) -> 0.85 | K115: =VLOOKUP(E115,'навыки техники продаж оценка'!$E$2:$P$297,12,0) -> 0.83333333 | L115: 40.432326
A116: 59 | B116: Москва | C116: ПроСпец МО5 Юго- и Северо-Восток | D116: Давыдова Е.В. | E116: Лесничая М.А. | F116: 8. ПРОСПЕЦ_РФ | H116: 0.36764706 | I116: 0.60294118 | J116: =VLOOKUP(E116,'Эффективная коммуникация оценка'!$E$1:$P$297,12,0) -> 0.6 | K116: =VLOOKUP(E116,'навыки техники продаж оценка'!$E$2:$P$297,12,0) -> 0.5 | L116: 27.02801
A117: 68 | B117: Москва | C117: ПроСпец МО9 Северо-Запад | D117: Скрылев А.В. | E117: Терзи Т.И. | F117: 8. ПРОСПЕЦ_РФ | H117: 0.55882353 | I117: 0.82352941 | J117: =VLOOKUP(E117,'Эффективная коммуникация оценка'!$E$1:$P$297,12,0) -> 0.85 | K117: =VLOOKUP(E117,'навыки техники продаж оценка'!$E$2:$P$297,12,0) -> 0.91666667 | L117: 51.156662
A118: 124 | B118: Москва | C118: ПроРеспи МО10 Запад | D118: Скрылев А.В. | E118: Борисенко Е.П. | F118: 8. ПРОРЕСПИ_РФ | H118: 0.60294118 | I118: 0.69117647 | J118: =VLOOKUP(E118,'Эффективная коммуникация оценка'!$E$1:$P$297,12,0) -> 0.7 | K118: =VLOOKUP(E118,'навыки техники продаж оценка'!$E$2:$P$297,12,0) -> 0.91666667 | L118: 58.633333
A119: 144 | B119: Москва | C119: ПроРеспи МО4 Восток | D119: Давыдова Е.В. | E119: Фиронова А.А. | F119: 8. ПРОРЕСПИ_РФ | H119: 0.44117647 | I119: 0.64705882 | J119: =VLOOKUP(E119,'Эффективная коммуникация оценка'!$E$1:$P$297,12,0) -> 0.6 | K119: =VLOOKUP(E119,'навыки техники продаж оценка'!$E$2:$P$297,12,0) -> 0.5 | L119: 38.090375
A120: 162 | B120: Москва | C120: ПроРеспи МО11 Северо-Запад | D120: Скрылев А.В. | E120: Осипова Ю.С. | F120: 8. ПРОРЕСПИ_РФ | H120: 0.61764706 | I120: 0.69117647 | J120: =VLOOKUP(E120,'Эффективная коммуникация оценка'!$E$1:$P$297,12,0) -> 0.75 | K120: =VLOOKUP(E120,'навыки техники продаж оценка'!$E$2:$P$297,12,0) -> 0.75 | L120: 23.034997
A121: 196 | B121: Москва | C121: ПроРеспи МО7 Юг | D121: Скрылев А.В. | E121: Вяткина Е.В. | F121: 8. ПРОРЕСПИ_РФ | H121: 0.5 | I121: 0.70588235 | J121: =VLOOKUP(E121,'Эффективная коммуникация оценка'!$E$1:$P$297,12,0) -> 0.75 | K121: =VLOOKUP(E121,'навыки техники продаж оценка'!$E$2:$P$297,12,0) -> 0.83333333 | L121: 69.877049
... A126: 247 | B126: Москва | C126: ПроРеспи МО1 Северо-Восток | D126: Давыдова Е.В. | E126: Дренин К.В. | F126: 8. ПРОРЕСПИ_РФ | H126: 0.76470588 | I126: 0.82352941 | J126: =VLOOKUP(E126,'Эффективная коммуникация оценка'!$E$1:$P$297,12,0) -> 0.95 | K126: =VLOOKUP(E126,'навыки техники продаж оценка'!$E$2:$P$297,12,0) -> 0.66666667 | L126: 42.620832
A127: 273 | B127: Москва | C127: ПроРеспи МО12 Север | D127: Скрылев А.В. | E127: Атаханова А.Г. | F127: 8. ПРОРЕСПИ_РФ | I127: 0.44117647 | J127: =VLOOKUP(E127,'Эффективная коммуникация оценка'!$E$1:$P$297,12,0) -> 0.55 | K127: =VLOOKUP(E127,'навыки техники продаж оценка'!$E$2:$P$297,12,0) -> 0.58333333 | L127: 31.188636
A128: 275 | B128: Москва | C128: ПроСпец МО2 Восток-Юго-Восток | D128: Давыдова Е.В. | E128: Лукьянов В.Н. | F128: 8. ПРОСПЕЦ_РФ | H128: 0.66176471 | I128: 0.67647059 | J128: =VLOOKUP(E128,'Эффективная коммуникация оценка'!$E$1:$P$297,12,0) -> 0.75 | K128: =VLOOKUP(E128,'навыки техники продаж оценка'!$E$2:$P$297,12,0) -> 0.58333333 | L128: 55.400572
A129: 179 | B129: Северо-Запад | C129: Мурманская обл | D129: Никон Е.В. | E129: Ченгаева Ю.Н. | F129: 8. ПРОРЕСПИ_РФ | H129: 0.47058824 | I129: 0.57352941 | J129: =VLOOKUP(E129,'Эффективная коммуникация оценка'!$E$1:$P$297,12,0) -> 0.65 | K129: =VLOOKUP(E129,'навыки техники продаж оценка'!$E$2:$P$297,12,0) -> 0.5 | L129: 38.039944
A130: 38 | B130: Волга | C130: Нижегородская обл | D130: Дмитриева Е.В. | E130: Вдовин Т.Р. | F130: 8. ПРОРЕСПИ_РФ | H130: 0.5 | I130: 0.58823529 | J130: =VLOOKUP(E130,'Эффективная коммуникация оценка'!$E$1:$P$297,12,0) -> 0.55 | K130: =VLOOKUP(E130,'навыки техники продаж оценка'!$E$2:$P$297,12,0) -> 0.58333333 | L130: 33.894205
A131: 74 | B131: Волга | C131: Нижегородская обл | D131: Дмитриева Е.В. | E131: Старцева В.А. | F131: 8. ПРОРЕСПИ_РФ | H131: 0.45588235 | I131: 0.54411765 | J131: =VLOOKUP(E131,'Эффективная коммуникация оценка'!$E$1:$P$297,12,0) -> 0.5 | K131: =VLOOKUP(E131,'навыки техники продаж оценка'!$E$2:$P$297,12,0) -> 0.5 | L131: 33.894205
A132: 98 | B132: Волга | C132: Нижегородская обл | D132: Надирова К.М. | E132: Широкова Т.А. | F132: 8. ПРОСПЕЦ_РФ | H132: 0.64705882 | I132: 0.57352941 | J132: =VLOOKUP(E132,'Эффективная коммуникация оценка'!$E$1:$P$297,12,0) -> 0.6 | K132: =VLOOKUP(E132,'навыки техники продаж оценка'!$E$2:$P$297,12,0) -> 0.66666667 | L132: 33.894205
A133: 106 | B133: Волга | C133: Нижегородская обл | D133: Дмитриева Е.В. | E133: Ефремова В.К. | F133: 8. ПРОРЕСПИ_РФ | H133: 0.70588235 | I133: 0.66176471 | J133: =VLOOKUP(E133,'Эффективная коммуникация оценка'!$E$1:$P$297,12,0) -> 0.65 | K133: =VLOOKUP(E133,'навыки техники продаж оценка'!$E$2:$P$297,12,0) -> 0.58333333 | L133: 33.894205
A134: 183 | B134: Волга | C134: Нижегородская обл | D134: Надирова К.М. | E134: Мышляева Н.М. | F134: 8. ПРОСПЕЦ_РФ | H134: 0.67647059 | I134: 0.48529412 | J134: =VLOOKUP(E134,'Эффективная коммуникация оценка'!$E$1:$P$297,12,0) -> 0.45 | K134: =VLOOKUP(E134,'навыки техники продаж оценка'!$E$2:$P$297,12,0) -> 0.5 | L134: 33.894205
A135: 187 | B135: Волга | C135: Нижегородская обл | D135: Дмитриева Е.В. | E135: Медведев А.А. | F135: 8. ПРОРЕСПИ_РФ | H135: 0.73529412 | I135: 0.83823529 | J135: =VLOOKUP(E135,'Эффективная коммуникация оценка'!$E$1:$P$297,12,0) -> 0.85 | K135: =VLOOKUP(E135,'навыки техники продаж оценка'!$E$2:$P$297,12,0) -> 0.83333333 | L135: 33.894205
A136: 67 | B136: Северо-Запад | C136: Новгородская обл | D136: Павлов Д.А. | E136: Шилова А.И. | F136: 8. ПРОРЕСПИ_РФ | H136: 0.55882353 | I136: 0.69117647 | J136: =VLOOKUP(E136,'Эффективная коммуникация оценка'!$E$1:$P$297,12,0) -> 0.9 | K136: =VLOOKUP(E136,'навыки техники продаж оценка'!$E$2:$P$297,12,0) -> 0.75 | L136: 48.042569
A137: 3 | B137: Сибирь | C137: Новосибирская обл | D137: Зинченко Т.М. | E137: Ильиных С.С. | F137: 8. ПРОРЕСПИ_РФ | H137: 0.58823529 | I137: 0.63235294 | J137: =VLOOKUP(E137,'Эффективная коммуникация оценка'!$E$1:$P$297,12,0) -> 0.75 | K137: =VLOOKUP(E137,'навыки техники продаж оценка'!$E$2:$P$297,12,0) -> 0.5 | L137: 8.7852751
A138: 10 | B138: Сибирь | C138: Новосибирская обл | D138: Зинченко Т.М. | E138: Орлова Ю.В. | F138: 8. ПРОСПЕЦ_РФ | H138: 0.70588235 | I138: 0.72058824 | J138: =VLOOKUP(E138,'Эффективная коммуникация оценка'!$E$1:$P$297,12,0) -> 0.75 | K138: =VLOOKUP(E138,'навыки техники продаж оценка'!$E$2:$P$297,12,0) -> 0.66666667 | L138: 8.7852751
A139: 91 | B139: Сибирь | C139: Новосибирская обл | D139: Зинченко Т.М. | E139: Ганина О.В. | F139: 8. ПРОСПЕЦ_РФ | H139: 0.57352941 | I139: 0.70588235 | J139: =VLOOKUP(E139,'Эффективная коммуникация оценка'!$E$1:$P$297,12,0) -> 0.8 | K139: =VLOOKUP(E139,'навыки техники продаж оценка'!$E$2:$P$297,12,0) -> 0.58333333 | L139: 8.7852751
... A188: 256 | B188: Волга | C188: Самарская обл | D188: Гайдабура Н.А. | E188: Тындик А.В. | F188: 8. ПРОСПЕЦ_РФ | H188: 0.39705882 | I188: 0.57352941 | J188: =VLOOKUP(E188,'Эффективная коммуникация оценка'!$E$1:$P$297,12,0) -> 0.6 | K188: =VLOOKUP(E188,'навыки техники продаж оценка'!$E$2:$P$297,12,0) -> 0.41666667 | L188: 23.17016
A189: 62 | B189: Северо-Запад | C189: ПроСпец_СПб_1 (Андреева Мария) | D189: Евсеева М.Ю. | E189: Андреева М.В. | F189: 8. ПРОСПЕЦ_РФ | H189: 0.58823529 | I189: 0.79411765 | J189: =VLOOKUP(E189,'Эффективная коммуникация оценка'!$E$1:$P$297,12,0) -> 0.95 | K189: =VLOOKUP(E189,'навыки техники продаж оценка'!$E$2:$P$297,12,0) -> 0.66666667 | L189: 13.29735 | M189: 100
A190: 63 | B190: Северо-Запад | C190: ПроРеспи_СПБ_2 (Демидова Алия) | D190: Альхимович Н.В. | E190: Демидова А.С. | F190: 8. ПРОРЕСПИ_РФ | H190: 0.61764706 | I190: 0.60294118 | J190: =VLOOKUP(E190,'Эффективная коммуникация оценка'!$E$1:$P$297,12,0) -> 0.65 | K190: =VLOOKUP(E190,'навыки техники продаж оценка'!$E$2:$P$297,12,0) -> 0.58333333 | L190: 15.145901
A191: 66 | B191: Северо-Запад | C191: ПроСпец_СПб_2 (Ахмедова Ольга) | D191: Никон Е.В. | E191: Ахмедова О.М. | F191: 8. ПРОСПЕЦ_РФ | H191: 0.52941176 | I191: 0.45588235 | J191: =VLOOKUP(E191,'Эффективная коммуникация оценка'!$E$1:$P$297,12,0) -> 0.5 | K191: =VLOOKUP(E191,'навыки техники продаж оценка'!$E$2:$P$297,12,0) -> 0.41666667 | L191: 3.3028455
A192: 71 | B192: Северо-Запад | C192: ПроСпец_СПб_6 (Доносий Виктория) | D192: Евсеева М.Ю. | E192: Доносий В.Б. | F192: 8. ПРОСПЕЦ_РФ | H192: 0.60294118 | I192: 0.79411765 | J192: =VLOOKUP(E192,'Эффективная коммуникация оценка'!$E$1:$P$297,12,0) -> 0.85 | K192: =VLOOKUP(E192,'навыки техники продаж оценка'!$E$2:$P$297,12,0) -> 0.75 | L192: 1.9662486
A193: 83 | B193: Северо-Запад | C193: ПроСпец_СПб_9 (Кондратьева Инга) | D193: Никон Е.В. | E193: Кондратьева И.А. | F193: 8. ПРОСПЕЦ_РФ | H193: 0.55882353 | I193: 0.51470588 | J193: =VLOOKUP(E193,'Эффективная коммуникация оценка'!$E$1:$P$297,12,0) -> 0.45 | K193: =VLOOKUP(E193,'навыки техники продаж оценка'!$E$2:$P$297,12,0) -> 0.66666667 | L193: 14.173877
A194: 84 | B194: Северо-Запад | C194: ПроРеспи_СПБ_3 (Дудченко Надежда) | D194: Альхимович Н.В. | E194: Дудченко Н.С. | F194: 8. ПРОРЕСПИ_РФ | H194: 0.5 | I194: 0.73529412 | J194: =VLOOKUP(E194,'Эффективная коммуникация оценка'!$E$1:$P$297,12,0) -> 0.8 | K194: =VLOOKUP(E194,'навыки техники продаж оценка'!$E$2:$P$297,12,0) -> 0.75 | L194: 21.256722
A195: 85 | B195: Северо-Запад | C195: ПроРеспи_СПб_6 (Лукьянчикова Татьяна) | D195: Альхимович Н.В. | E195: Лукьянчикова Т.Ю. | F195: 8. ПРОРЕСПИ_РФ | H195: 0.69117647 | I195: 0.58823529 | J195: =VLOOKUP(E195,'Эффективная коммуникация оценка'!$E$1:$P$297,12,0) -> 0.55 | K195: =VLOOKUP(E195,'навыки техники продаж оценка'!$E$2:$P$297,12,0) -> 0.75 | L195: 12.73021
A196: 136 | B196: Северо-Запад | C196: ПроРеспи_СПб_12 (Цинкевич Анжелика) | D196: Павлов Д.А. | E196: Цинкевич А.И. | F196: 8. ПРОРЕСПИ_РФ | H196: 0.44117647 | I196: 0.41176471 | J196: =VLOOKUP(E196,'Эффективная коммуникация оценка'!$E$1:$P$297,12,0) -> 0.45 | K196: =VLOOKUP(E196,'навыки техники продаж оценка'!$E$2:$P$297,12,0) -> 0.5 | L196: 18.246784
A197: 143 | B197: Северо-Запад | C197: ПроСпец_СПб_12 (Песчанская Юлия) | D197: Никон Е.В. | E197: Песчанская Ю.В. | F197: 8. ПРОСПЕЦ_РФ | H197: 0.63235294 | I197: 0.88235294 | J197: =VLOOKUP(E197,'Эффективная коммуникация оценка'!$E$1:$P$297,12,0) -> 0.9 | K197: =VLOOKUP(E197,'навыки техники продаж оценка'!$E$2:$P$297,12,0) -> 0.83333333 | L197: 20.302785
A198: 155 | B198: Северо-Запад | C198: ПроРеспи_СПб_11 (Вакансия) | D198: Альхимович Н.В. | E198: Скобелева О.И. | F198: 8. ПРОРЕСПИ_РФ | H198: 0.69117647 | I198: 0.86764706 | J198: =VLOOKUP(E198,'Эффективная коммуникация оценка'!$E$1:$P$297,12,0) -> 0.95 | K198: =VLOOKUP(E198,'навыки техники продаж оценка'!$E$2:$P$297,12,0) -> 0.75 | L198: 19.283647
A199: 160 | B199: Северо-Запад | C199: ПроСпец_СПб_8 (Евдокимова Надежда) | D199: Евсеева М.Ю. | E199: Евдокимова Н.К. | F199: 8. ПРОСПЕЦ_РФ | H199: 0.58823529 | I199: 0.63235294 | J199: =VLOOKUP(E199,'Эффективная коммуникация оценка'!$E$1:$P$297,12,0) -> 0.65 | K199: =VLOOKUP(E199,'навыки техники продаж оценка'!$E$2:$P$297,12,0) -> 0.58333333 | L199: 35.483871
A200: 172 | B200: Северо-Запад | C200: ПроСпец_СПб_13 (Вакансия) | D200: Евсеева М.Ю. | E200: Яблочкина М.А. | F200: 8. ПРОСПЕЦ_РФ | H200: 0.48529412 | I200: 0.77941176 | J200: =VLOOKUP(E200,'Эффективная коммуникация оценка'!$E$1:$P$297,12,0) -> 0.85 | K200: =VLOOKUP(E200,'навыки техники продаж оценка'!$E$2:$P$297,12,0) -> 0.75 | L200: 16.241213
A201: 180 | B201: Северо-Запад | C201: ПроСпец_СПб_7 (Евграфова Марина) | D201: Евсеева М.Ю. | E201: Евграфова М.В. | F201: 8. ПРОСПЕЦ_РФ | H201: 0.57352941 | I201: 0.75 | J201: =VLOOKUP(E201,'Эффективная коммуникация оценка'!$E$1:$P$297,12,0) -> 0.75 | K201: =VLOOKUP(E201,'навыки техники продаж оценка'!$E$2:$P$297,12,0) -> 0.91666667 | L201: 25.166889
... A280: 264 | B280: Центр | C280: Ярославская обл | D280: Глушков М.В. | E280: Карпов С.С. | F280: 8. ПРОСПЕЦ_РФ | H280: 0.44117647 | I280: 0.55882353 | J280: =VLOOKUP(E280,'Эффективная коммуникация оценка'!$E$1:$P$297,12,0) -> 0.65 | K280: =VLOOKUP(E280,'навыки техники продаж оценка'!$E$2:$P$297,12,0) -> 0.5 | L280: 0.31470429
B287: Показатель | D287: Продажи | F287: Динамика
B288: Брик (ПроРеспи) | C288: Бренд | D288: 2024 | E288: 2025 | F288: 2024 | G288: 2025
B289: ИТОГО | D289: 62694 | E289: 84070 | G289: 0.34095767
A290: Афанасьева Ю.А. | B290: ПроРеспи М1 Восток | C290: ПРОСПЕКТА | D290: 889 | E290: 1213 | G290: 0.36445444
A291: Антонов Д.А. | B291: ПроРеспи М10 Юго-Запад | C291: ПРОСПЕКТА | D291: 919 | E291: 1137 | G291: 0.23721436
A292: Разгуляева Т.А. | B292: ПроРеспи М11 Юго-Запад | C292: ПРОСПЕКТА | D292: 778 | E292: 1005 | G292: 0.29177378
A293: Селезнева Ю.В. | B293: ПроРеспи М12 Юг | C293: ПРОСПЕКТА | D293: 943 | E293: 1220 | G293: 0.29374337
B294: ПроРеспи М13 Юг | C294: ПРОСПЕКТА | D294: 924 | E294: 1186 | G294: 0.28354978
A295: Семенова Т.Н. | B295: ПроРеспи М14 Юг | C295: ПРОСПЕКТА | D295: 972 | E295: 1119 | G295: 0.15123457
A296: Каминский Н.В. | B296: ПроРеспи М15 Север | C296: ПРОСПЕКТА | D296: 911 | E296: 1397 | G296: 0.53347969
A297: Бодрова А.В. | B297: ПроРеспи М16 Север | C297: ПРОСПЕКТА | D297: 1358 | E297: 1945 | G297: 0.43225331
A298: Грязнова О.А. | B298: ПроРеспи М17 Северо-Запад | C298: ПРОСПЕКТА | D298: 906 | E298: 1229 | G298: 0.35651214
B299: ПроРеспи М18 Северо-Запад | C299: ПРОСПЕКТА | D299: 1330 | E299: 1406 | G299: 0.057142857
B300: ПроРеспи М19 Северо-Восток | C300: ПРОСПЕКТА | D300: 1122 | E300: 1533 | G300: 0.36631016
A301: Дмитраш А.В. | B301: ПроРеспи М2 Юго-Восток | C301: ПРОСПЕКТА | D301: 2250 | E301: 2859 | G301: 0.27066667
A302: Кабатова И.А. | B302: ПроРеспи М20 Северо-Восток | C302: ПРОСПЕКТА | D302: 1237 | E302: 2109 | G302: 0.70493129
A303: Каманова А.А. | B303: ПроРеспи М3 Восток | C303: ПРОСПЕКТА | D303: 984 | E303: 1366 | G303: 0.38821138
A304: Абазова А.С. | B304: ПроРеспи М4 Восток | C304: ПРОСПЕКТА | D304: 1228 | E304: 1868 | G304: 0.52117264
A305: Юрова А.В. | B305: ПроРеспи М5 Центр | C305: ПРОСПЕКТА | D305: 1426 | E305: 1868 | G305: 0.30995792
A306: Шебалкова Т.Н. | B306: ПроРеспи М6 Центр | C306: ПРОСПЕКТА | D306: 932 | E306: 1243 | G306: 0.33369099
A307: Иванова А.В. | B307: ПроРеспи М7 Запад | C307: ПРОСПЕКТА | D307: 1509 | E307: 1871 | G307: 0.23989397
B308: ПроРеспи М8 Запад | C308: ПРОСПЕКТА | D308: 1573 | E308: 1735 | G308: 0.10298792
B309: ПроРеспи М9 Юго-Запад | C309: ПРОСПЕКТА | D309: 911 | E309: 1057 | G309: 0.16026345
A310: Дренин К.В. | B310: ПроРеспи МО1 Северо-Восток | C310: ПРОСПЕКТА | D310: 3869 | E310: 5518 | G310: 0.42620832
A311: Борисенко Е.П. | B311: ПроРеспи МО10 Запад | C311: ПРОСПЕКТА | D311: 3000 | E311: 4759 | G311: 0.58633333
A312: Осипова Ю.С. | B312: ПроРеспи МО11 Северо-Запад | C312: ПРОСПЕКТА | D312: 3486 | E312: 4289 | G312: 0.23034997
...

Sheet Лист1
A1: Абазова А.С. | B1: 8. ПРОРЕСПИ_МОСКВА
A2: Алешина Л.Г. | B2: 8. ПРОРЕСПИ_МОСКВА
A3: Амусова Е.С. | B3: 8. ПРОСПЕЦ_РФ
A4: Ананьева Т.А. | B4: 8. ПРОСПЕЦ_РФ
A5: Андреева М.В. | B5: 8. ПРОСПЕЦ_РФ
A6: Андреева Н.В. | B6: 8. ПРОРЕСПИ_РФ
A7: Анисимова С.Ю. | B7: 8. ПРОРЕСПИ_РФ
A8: Антонов Д.А. | B8: 8. ПРОРЕСПИ_МОСКВА
A9: Артюхова А.В. | B9: 8. ПРОСПЕЦ_РФ
A10: Атаханова А.Г. | B10: 8. ПРОРЕСПИ_МОСКВА
A11: Атрощенко А.В. | B11: 8. ПРОРЕСПИ_РФ
A12: Афанасьева Ю.А. | B12: 8. ПРОРЕСПИ_МОСКВА
... A278: Ямпольская А.Б. | B278: 8. ПРОРЕСПИ_РФ
A283: Москва | B283: Абазова Альбина Салимовна | C283: ПроРеспи М4 Восток
A284: Москва | B284: Алешина Лада Геннадиевна | C284: ПроРеспи МО2 Восток
A285: Санкт-Петербург | B285: Андреева Мария Валерьевна | C285: ПроСпец_СПб_1 (Андреева Мария)
A286: Москва | B286: Андреева Наталия Алексеевна | C286: ПроРеспи М19 Северо-Восток
A287: Москва | B287: Антонов Дмитрий Андреевич | C287: ПроРеспи М10 Юго-Запад
A288: Москва | B288: Атаханова Анна Геннадьевна | C288: ПроРеспи МО12 Север
A289: Москва | B289: Афанасьева Юлия Александровна | C289: ПроРеспи М1 Восток
A290: Санкт-Петербург | B290: Ахмедова Ольга Михайловна | C290: ПроСпец_СПб_2 (Ахмедова Ольга)
A291: Москва | B291: Беканова Лина | C291: ПроРеспи М9 Юго-Запад
A292: Москва | B292: Бодрова Алина Витальевна | C292: ПроРеспи М16 Север
A293: Москва | B293: Борисенко Екатерина Петровна | C293: ПроРеспи МО10 Запад
A294: Московская область | B294: Вакансия (Купирова) | C294: ПроСпец М14 Север
... A366: Санкт-Петербург | B366: Яблочкина Мария | C366: ПроСпец_СПб_13 (Яблочкина Мария)

Sheet Эффективная коммуникация оценка
B1: Регион ММХ | C1: Область | D1: Менеджер | E1: Сотрудник | H1: Дата прохождения теста МП | I1: Дата прохождения теста рук. | J1: Максимальный балл | K1: Среднее по группе | L1: Базовый МП | M1: Оценка, мп. | N1: Оценка, рук. | O1: Оценка (мп.), % | P1: Оценка (рук.), % | Q1: Порог (мп.) | R1: Отклонение от Базового МП, % (мп.)) | S1: Порог (рук.) | T1: Отклонение от Базового МП, % (рук.)) | U1: ИМП по оценке руководителя
A2: 0 | B2: Москва | C2: Москва г | D2: Мальцева А.А. | E2: Абазова А.С. | H2: 2025-10-16 00:00:00+03:00 | I2: 2025-11-14 00:00:00+03:00 | J2: 20 | K2: 12.1 | L2: 10 | M2: 16 | N2: 8 | O2: 0.8 | P2: 0.4 | Q2: ✅ | R2: 0.6 | S2: ❌ | T2: -0.2
A3: 1 | B3: Центр | C3: Смоленская обл | D3: Глушков М.В. | E3: Михайлова М.А. | H3: 2025-10-07 00:00:00+03:00 | I3: 2025-11-14 00:00:00+03:00 | J3: 20 | K3: 14.6 | L3: 10 | M3: 17 | N3: 15 | O3: 0.85 | P3: 0.75 | Q3: ✅ | R3: 0.7 | S3: ✅ | T3: 0.5 | U3: 20
A4: 2 | B4: Юг | C4: Ростовская обл | D4: Касьян Т.С. | E4: Родионова И.С. | H4: 2025-10-15 00:00:00+03:00 | I4: 2025-10-29 00:00:00+03:00 | J4: 20 | K4: 17 | L4: 10 | M4: 12 | N4: 17 | O4: 0.6 | P4: 0.85 | Q4: ✅ | R4: 0.2 | S4: ✅ | T4: 0.7 | U4: 17
A5: 3 | B5: Сибирь | C5: Новосибирская обл | D5: Зинченко Т.М. | E5: Ильиных С.С. | H5: 2025-10-07 00:00:00+03:00 | I5: 2025-11-14 00:00:00+03:00 | J5: 20 | K5: 14.692308 | L5: 10 | M5: 16 | N5: 15 | O5: 0.8 | P5: 0.75 | Q5: ✅ | R5: 0.6 | S5: ✅ | T5: 0.5
A6: 4 | B6: Юг | C6: Краснодарский край | D6: Туксина В.Н. | E6: Феофанова О.А. | H6: 2025-10-19 00:00:00+03:00 | I6: 2025-11-14 00:00:00+03:00 | J6: 20 | K6: 14.416667 | L6: 10 | M6: 14 | N6: 8 | O6: 0.7 | P6: 0.4 | Q6: ✅ | R6: 0.4 | S6: ❌ | T6: -0.2 | U6: 12
A7: 5 | B7: Северо-Запад | C7: Санкт-Петербург г | D7: Альхимович Н.В. | E7: Демидова А.С. | H7: 2025-10-14 00:00:00+03:00 | I7: 2025-10-30 00:00:00+03:00 | J7: 20 | K7: 14 | L7: 10 | M7: 17 | N7: 13 | O7: 0.85 | P7: 0.65 | Q7: ✅ | R7: 0.7 | S7: ✅ | T7: 0.3 | U7: 19
A8: 6 | B8: Центр | C8: Курская обл | D8: Васильев О.С. | E8: Коваленко О.С. | H8: 2025-10-16 00:00:00+03:00 | I8: 2025-11-13 00:00:00+03:00 | J8: 20 | K8: 15.666667 | L8: 10 | M8: 14 | N8: 16 | O8: 0.7 | P8: 0.8 | Q8: ✅ | R8: 0.4 | S8: ✅ | T8: 0.6 | U8: 15
A9: 7 | B9: Центр | C9: Ивановская обл | D9: Окунев И.М. | E9: Ковезина О.В. | H9: 2025-10-09 00:00:00+03:00 | I9: 2025-11-06 00:00:00+03:00 | J9: 20 | K9: 13.222222 | L9: 10 | M9: 19 | N9: 16 | O9: 0.95 | P9: 0.8 | Q9: ✅ | R9: 0.9 | S9: ✅ | T9: 0.6 | U9: 17
A10: 8 | B10: Юг | C10: Ставропольский край | D10: Петровская О.В. | E10: Шестак М.И. | H10: 2025-10-19 00:00:00+03:00 | I10: 2025-11-06 00:00:00+03:00 | J10: 20 | K10: 15 | L10: 10 | M10: 18 | N10: 17 | O10: 0.9 | P10: 0.85 | Q10: ✅ | R10: 0.8 | S10: ✅ | T10: 0.7 | U10: 13
A11: 9 | B11: Урал | C11: Пермский край | D11: Митяшева О.Б. | E11: Гапликова О.Л. | H11: 2025-10-12 00:00:00+03:00 | I11: 2025-11-10 00:00:00+03:00 | J11: 20 | K11: 14.636364 | L11: 10 | M11: 14 | N11: 14 | O11: 0.7 | P11: 0.7 | Q11: ✅ | R11: 0.4 | S11: ✅ | T11: 0.4 | U11: 11
A12: 10 | B12: Центр | C12: Ярославская обл | D12: Глушков М.В. | E12: Корельская Н.Е. | H12: 2025-10-08 00:00:00+03:00 | I12: 2025-11-14 00:00:00+03:00 | J12: 20 | K12: 14.6 | L12: 10 | M12: 19 | N12: 19 | O12: 0.95 | P12: 0.95 | Q12: ✅ | R12: 0.9 | S12: ✅ | T12: 0.9 | U12: 20
A13: 11 | B13: Волга | C13: Пензенская обл | D13: Гайдабура Н.А. | E13: Вакуленко О.В. | H13: 2025-10-09 00:00:00+03:00 | I13: 2025-11-11 00:00:00+03:00 | J13: 20 | K13: 13.545455 | L13: 10 | M13: 20 | N13: 18 | O13: 1 | P13: 0.9 | Q13: ✅ | R13: 1 | S13: ✅ | T13: 0.8 | U13: 12
A14: 12 | B14: Урал | C14: Башкортостан Респ | D14: Митяшева О.Б. | E14: Якушева А.А. | H14: 2025-10-17 00:00:00+03:00 | I14: 2025-11-13 00:00:00+03:00 | J14: 20 | K14: 14.636364 | L14: 10 | M14: 12 | N14: 14 | O14: 0.6 | P14: 0.7 | Q14: ✅ | R14: 0.2 | S14: ✅ | T14: 0.4 | U14: 11
A15: 13 | B15: Москва | C15: Москва г | D15: Кавунова И.Г. | E15: Антонов Д.А. | H15: 2025-10-08 00:00:00+03:00 | I15: 2025-11-13 00:00:00+03:00 | J15: 20 | K15: 12.5 | L15: 10 | M15: 15 | N15: 13 | O15: 0.75 | P15: 0.65 | Q15: ✅ | R15: 0.5 | S15: ✅ | T15: 0.3
A16: 14 | B16: Сибирь | C16: Красноярский край | D16: Рассказчикова М.В. | E16: Шваб Н.А. | H16: 2025-10-10 00:00:00+03:00 | I16: 2025-10-30 00:00:00+03:00 | J16: 20 | K16: 16.777778 | L16: 10 | M16: 17 | N16: 19 | O16: 0.85 | P16: 0.95 | Q16: ✅ | R16: 0.7 | S16: ✅ | T16: 0.9 | U16: 18
A17: 15 | B17: Волга | C17: Татарстан Респ | D17: Надирова К.М. | E17: Хабирова Р.Р. | H17: 2025-10-12 00:00:00+03:00 | I17: 2025-11-10 00:00:00+03:00 | J17: 20 | K17: 12.555556 | L17: 10 | M17: 17 | N17: 14 | O17: 0.85 | P17: 0.7 | Q17: ✅ | R17: 0.7 | S17: ✅ | T17: 0.4
A18: 16 | B18: Волга | C18: Татарстан Респ | D18: Надирова К.К. | E18: Федосеева С.В. | H18: 2025-10-13 00:00:00+03:00 | I18: 2025-11-10 00:00:00+03:00 | J18: 20 | K18: 11 | L18: 10 | M18: 18 | N18: 11 | O18: 0.9 | P18: 0.55 | Q18: ✅ | R18: 0.8 | S18: ✅ | T18: 0.1 | U18: 19
A19: 17 | B19: Москва | C19: Московская обл | D19: Давыдова Е.В. | E19: Шубин Я.А. | H19: 2025-10-09 00:00:00+03:00 | I19: 2025-11-11 00:00:00+03:00 | J19: 20 | K19: 13.727273 | L19: 10 | M19: 14 | N19: 11 | O19: 0.7 | P19: 0.55 | Q19: ✅ | R19: 0.4 | S19: ✅ | T19: 0.1 | U19: 10
A20: 18 | B20: Урал | C20: Челябинская обл | D20: Дерюгина Е.П. | E20: Дедова Т.А. | H20: 2025-10-07 00:00:00+03:00 | I20: 2025-11-12 00:00:00+03:00 | J20: 20 | K20: 14.090909 | L20: 10 | M20: 19 | N20: 13 | O20: 0.95 | P20: 0.65 | Q20: ✅ | R20: 0.9 | S20: ✅ | T20: 0.3 | U20: 11
A21: 19 | B21: Урал | C21: Челябинская обл | D21: Дерюгина Е.П. | E21: Кондратьева Н.В. | H21: 2025-10-15 00:00:00+03:00 | I21: 2025-11-12 00:00:00+03:00 | J21: 20 | K21: 14.090909 | L21: 10 | M21: 17 | N21: 14 | O21: 0.85 | P21: 0.7 | Q21: ✅ | R21: 0.7 | S21: ✅ | T21: 0.4 | U21: 11
A22: 20 | B22: Москва | C22: Московская обл | D22: Скрылев А.В. | E22: Атаханова А.Г. | H22: NaT | I22: 2025-11-14 00:00:00+03:00 | J22: 20 | K22: 14.583333 | L22: 10 | N22: 11 | P22: 0.55 | Q22: ❌ | S22: ✅ | T22: 0.1 | U22: 15
A23: 21 | B23: Москва | C23: Московская обл | D23: Давыдова Е.В. | E23: Алешина Л.Г. | H23: 2025-10-09 00:00:00+03:00 | I23: 2025-11-14 00:00:00+03:00 | J23: 20 | K23: 13.727273 | L23: 10 | M23: 20 | N23: 14 | O23: 1 | P23: 0.7 | Q23: ✅ | R23: 1 | S23: ✅ | T23: 0.4 | U23: 10
A24: 22 | B24: Волга | C24: Самарская обл | D24: Гайдабура Н.А. | E24: Бабордина Е.Н. | H24: 2025-10-14 00:00:00+03:00 | I24: 2025-11-11 00:00:00+03:00 | J24: 20 | K24: 13.545455 | L24: 10 | M24: 16 | N24: 15 | O24: 0.8 | P24: 0.75 | Q24: ✅ | R24: 0.6 | S24: ✅ | T24: 0.5 | U24: 12
A25: 23 | B25: Урал | C25: Тюменская обл | D25: Машукова О.М. | E25: Мамедова Е.Ю. | H25: 2025-10-12 00:00:00+03:00 | I25: 2025-11-11 00:00:00+03:00 | J25: 20 | K25: 13.7 | L25: 10 | M25: 19 | N25: 18 | O25: 0.95 | P25: 0.9 | Q25: ✅ | R25: 0.9 | S25: ✅ | T25: 0.8 | U25: 12
A26: 24 | B26: Волга | C26: Татарстан Респ | D26: Надирова К.М. | E26: Исхакова Д.Р. | H26: 2025-10-13 00:00:00+03:00 | I26: 2025-11-10 00:00:00+03:00 | J26: 20 | K26: 12.555556 | L26: 10 | M26: 13 | N26: 10 | O26: 0.65 | P26: 0.5 | Q26: ✅ | R26: 0.3 | S26: ✅ | T26: 0
A27: 25 | B27: Волга | C27: Оренбургская обл | D27: Гайдабура Н.А. | E27: Горбунова Л.Ф. | H27: 2025-10-07 00:00:00+03:00 | I27: 2025-11-10 00:00:00+03:00 | J27: 20 | K27: 13.545455 | L27: 10 | M27: 13 | N27: 8 | O27: 0.65 | P27: 0.4 | Q27: ✅ | R27: 0.3 | S27: ❌ | T27: -0.2 | U27: 12
A28: 26 | B28: Северо-Запад | C28: Санкт-Петербург г | D28: Евсеева М.Ю. | E28: Доносий В.Б. | H28: 2025-10-12 00:00:00+03:00 | I28: 2025-10-28 00:00:00+03:00 | J28: 20 | K28: 14.1 | L28: 10 | M28: 18 | N28: 17 | O28: 0.9 | P28: 0.85 | Q28: ✅ | R28: 0.8 | S28: ✅ | T28: 0.7 | U28: 14
A29: 27 | B29: Урал | C29: Свердловская обл | D29: Дерюгина Е.П. | E29: Новоселова А.А. | H29: 2025-10-17 00:00:00+03:00 | I29: 2025-11-12 00:00:00+03:00 | J29: 20 | K29: 14.090909 | L29: 10 | M29: 16 | N29: 15 | O29: 0.8 | P29: 0.75 | Q29: ✅ | R29: 0.6 | S29: ✅ | T29: 0.5 | U29: 11
A30: 28 | B30: Волга | C30: Татарстан Респ | D30: Дмитриева Е.В. | E30: Курмаева А.С. | H30: 2025-10-14 00:00:00+03:00 | I30: 2025-11-10 00:00:00+03:00 | J30: 20 | K30: 13.363636 | L30: 10 | M30: 18 | N30: 14 | O30: 0.9 | P30: 0.7 | Q30: ✅ | R30: 0.8 | S30: ✅ | T30: 0.4 | U30: 10
A31: 29 | B31: Юг | C31: Волгоградская обл | D31: Касьян Т.С. | E31: Лаврентьева И.С. | H31: 2025-10-17 00:00:00+03:00 | I31: 2025-11-12 00:00:00+03:00 | J31: 20 | K31: 17 | L31: 10 | M31: 18 | N31: 17 | O31: 0.9 | P31: 0.85 | Q31: ✅ | R31: 0.8 | S31: ✅ | T31: 0.7 | U31: 17
A32: 30 | B32: Урал | C32: Башкортостан Респ | D32: Машукова О.М. | E32: Курбангулова Г.Ю. | H32: 2025-10-17 00:00:00+03:00 | I32: 2025-11-07 00:00:00+03:00 | J32: 20 | K32: 13.7 | L32: 10 | M32: 15 | N32: 15 | O32: 0.75 | P32: 0.75 | Q32: ✅ | R32: 0.5 | S32: ✅ | T32: 0.5 | U32: 12
A33: 31 | B33: Сибирь | C33: Иркутская обл | D33: Погорелова Е.В. | E33: Давыдова С.В. | H33: 2025-10-16 00:00:00+03:00 | I33: 2025-10-29 00:00:00+03:00 | J33: 20 | K33: 10.75 | L33: 10 | M33: 14 | N33: 14 | O33: 0.7 | P33: 0.7 | Q33: ✅ | R33: 0.4 | S33: ✅ | T33: 0.4 | U33: 13
A34: 32 | B34: Центр | C34: Липецкая обл | D34: Окунев И.М. | E34: Дергунова О.Е. | H34: 2025-10-15 00:00:00+03:00 | I34: 2025-10-30 00:00:00+03:00 | J34: 20 | K34: 13.222222 | L34: 10 | M34: 10 | N34: 13 | O34: 0.5 | P34: 0.65 | Q34: ✅ | R34: 0 | S34: ✅ | T34: 0.3 | U34: 17
A35: 33 | B35: Сибирь | C35: Иркутская обл | D35: Погорелова Е.В. | E35: Цивенова М.Г. | H35: 2025-10-19 00:00:00+03:00 | I35: 2025-10-29 00:00:00+03:00 | J35: 20 | K35: 10.75 | L35: 10 | M35: 12 | N35: 10 | O35: 0.6 | P35: 0.5 | Q35: ✅ | R35: 0.2 | S35: ✅ | T35: 0 | U35: 13
A36: 34 | B36: Центр | C36: Воронежская обл | D36: Васильев О.С. | E36: Кудряшова И.А. | H36: 2025-10-17 00:00:00+03:00 | I36: 2025-11-13 00:00:00+03:00 | J36: 20 | K36: 15.666667 | L36: 10 | M36: 18 | N36: 13 | O36: 0.9 | P36: 0.65 | Q36: ✅ | R36: 0.8 | S36: ✅ | T36: 0.3 | U36: 15
A37: 35 | B37: Центр | C37: Белгородская обл | D37: Васильев О.С. | E37: Юнгова О.П. | H37: 2025-10-06 00:00:00+03:00 | I37: 2025-11-12 00:00:00+03:00 | J37: 20 | K37: 15.666667 | L37: 10 | M37: 17 | N37: 16 | O37: 0.85 | P37: 0.8 | Q37: ✅ | R37: 0.7 | S37: ✅ | T37: 0.6 | U37: 15
A38: 36 | B38: Волга | C38: Чувашская Республика - Чувашия | D38: Надирова К.М. | E38: Амусова Е.С. | H38: 2025-10-14 00:00:00+03:00 | I38: 2025-11-07 00:00:00+03:00 | J38: 20 | K38: 12.555556 | L38: 10 | M38: 19 | N38: 11 | O38: 0.95 | P38: 0.55 | Q38: ✅ | R38: 0.9 | S38: ✅ | T38: 0.1
A39: 37 | B39: Сибирь | C39: Новосибирская обл | D39: Зинченко Т.М. | E39: Орлова Ю.В. | H39: 2025-10-07 00:00:00+03:00 | I39: 2025-11-13 00:00:00+03:00 | J39: 20 | K39: 14.692308 | L39: 10 | M39: 19 | N39: 15 | O39: 0.95 | P39: 0.75 | Q39: ✅ | R39: 0.9 | S39: ✅ | T39: 0.5
A40: 38 | B40: Сибирь | C40: Омская обл | D40: Зинченко Т.М. | E40: Маслик А.Ю. | H40: 2025-10-06 00:00:00+03:00 | I40: 2025-11-14 00:00:00+03:00 | J40: 20 | K40: 14.692308 | L40: 10 | M40: 18 | N40: 17 | O40: 0.9 | P40: 0.85 | Q40: ✅ | R40: 0.8 | S40: ✅ | T40: 0.7
A41: 39 | B41: Юг | C41: Краснодарский край | D41: Туксина В.Н. | E41: Бондаренко М.В. | H41: 2025-10-13 00:00:00+03:00 | I41: 2025-11-14 00:00:00+03:00 | J41: 20 | K41: 14.416667 | L41: 10 | M41: 18 | N41: 15 | O41: 0.9 | P41: 0.75 | Q41: ✅ | R41: 0.8 | S41: ✅ | T41: 0.5 | U41: 12
A42: 40 | B42: Центр | C42: Орловская обл | D42: Артамонова А.Я. | E42: Зуйкина И.А. | H42: 2025-10-09 00:00:00+03:00 | I42: 2025-11-13 00:00:00+03:00 | J42: 20 | K42: 15.777778 | L42: 10 | M42: 17 | N42: 15 | O42: 0.85 | P42: 0.75 | Q42: ✅ | R42: 0.7 | S42: ✅ | T42: 0.5 | U42: 15
A43: 41 | B43: Центр | C43: Воронежская обл | D43: Васильев О.С. | E43: Титова Е.В. | H43: 2025-10-07 00:00:00+03:00 | I43: 2025-11-13 00:00:00+03:00 | J43: 20 | K43: 15.666667 | L43: 10 | M43: 15 | N43: 13 | O43: 0.75 | P43: 0.65 | Q43: ✅ | R43: 0.5 | S43: ✅ | T43: 0.3 | U43: 15
A44: 42 | B44: Москва | C44: Москва г | D44: Котельникова Е.Б. | E44: Бодрова А.В. | H44: 2025-10-15 00:00:00+03:00 | I44: 2025-10-31 00:00:00+03:00 | J44: 20 | K44: 13.125 | L44: 10 | M44: 19 | N44: 13 | O44: 0.95 | P44: 0.65 | Q44: ✅ | R44: 0.9 | S44: ✅ | T44: 0.3 | U44: 17
A45: 43 | B45: Москва | C45: Московская обл | D45: Давыдова Е.В. | E45: Сурова О.И. | H45: NaT | I45: 2025-11-13 00:00:00+03:00 | J45: 20 | K45: 13.727273 | L45: 10 | N45: 8 | P45: 0.4 | Q45: ❌ | S45: ❌ | T45: -0.2 | U45: 10
A46: 44 | B46: Юг | C46: Краснодарский край | D46: Туксина В.Н. | E46: Кокоева Е.А. | H46: 2025-10-17 00:00:00+03:00 | I46: 2025-11-11 00:00:00+03:00 | J46: 20 | K46: 14.416667 | L46: 10 | M46: 16 | N46: 18 | O46: 0.8 | P46: 0.9 | Q46: ✅ | R46: 0.6 | S46: ✅ | T46: 0.8 | U46: 12
A47: 45 | B47: Северо-Запад | C47: Вологодская обл | D47: Павлов Д.А. | E47: Карья О.В. | H47: 2025-10-17 00:00:00+03:00 | I47: 2025-11-06 00:00:00+03:00 | J47: 20 | K47: 13.666667 | L47: 10 | M47: 15 | N47: 11 | O47: 0.75 | P47: 0.55 | Q47: ✅ | R47: 0.5 | S47: ✅ | T47: 0.1 | U47: 18
A48: 46 | B48: Юг | C48: Ростовская обл | D48: Касьян Т.С. | E48: Бойко Г.С. | H48: 2025-10-15 00:00:00+03:00 | I48: 2025-11-10 00:00:00+03:00 | J48: 20 | K48: 17 | L48: 10 | M48: 15 | N48: 17 | O48: 0.75 | P48: 0.85 | Q48: ✅ | R48: 0.5 | S48: ✅ | T48: 0.7 | U48: 17
A49: 47 | B49: Москва | C49: Московская обл | D49: Давыдова Е.В. | E49: Николаева Е.А. | H49: 2025-10-09 00:00:00+03:00 | I49: 2025-10-28 00:00:00+03:00 | J49: 20 | K49: 13.727273 | L49: 10 | M49: 18 | N49: 17 | O49: 0.9 | P49: 0.85 | Q49: ✅ | R49: 0.8 | S49: ✅ | T49: 0.7 | U49: 10
A50: 48 | B50: Центр | C50: Ярославская обл | D50: Глушков М.В. | E50: Карпов С.С. | H50: 2025-10-07 00:00:00+03:00 | I50: 2025-11-14 00:00:00+03:00 | J50: 20 | K50: 14.6 | L50: 10 | M50: 11 | N50: 13 | O50: 0.55 | P50: 0.65 | Q50: ✅ | R50: 0.1 | S50: ✅ | T50: 0.3 | U50: 20
A51: 49 | B51: Юг | C51: Волгоградская обл | D51: Касьян Т.С. | E51: Тищенко А.В. | H51: 2025-10-15 00:00:00+03:00 | I51: 2025-11-10 00:00:00+03:00 | J51: 20 | K51: 17 | L51: 10 | M51: 16 | N51: 17 | O51: 0.8 | P51: 0.85 | Q51: ✅ | R51: 0.6 | S51: ✅ | T51: 0.7 | U51: 17
A52: 50 | B52: Урал | C52: Курганская обл | D52: Преображенская А.В. | E52: Баскова И.В. | H52: 2025-10-19 00:00:00+03:00 | I52: 2025-11-14 00:00:00+03:00 | J52: 20 | K52: 16.333333 | L52: 10 | M52: 16 | N52: 18 | O52: 0.8 | P52: 0.9 | Q52: ✅ | R52: 0.6 | S52: ✅ | T52: 0.8 | U52: 20
A53: 51 | B53: Юг | C53: Крым Респ | D53: Туксина В.Н. | E53: Машталяр С.В. | H53: 2025-10-19 00:00:00+03:00 | I53: 2025-11-11 00:00:00+03:00 | J53: 20 | K53: 14.416667 | L53: 10 | M53: 14 | N53: 11 | O53: 0.7 | P53: 0.55 | Q53: ✅ | R53: 0.4 | S53: ✅ | T53: 0.1 | U53: 12
A54: 52 | B54: Урал | C54: Пермский край | D54: Митяшева О.Б. | E54: Бахмина Т.В. | H54: 2025-10-13 00:00:00+03:00 | I54: 2025-11-05 00:00:00+03:00 | J54: 20 | K54: 14.636364 | L54: 10 | M54: 19 | N54: 15 | O54: 0.95 | P54: 0.75 | Q54: ✅ | R54: 0.9 | S54: ✅ | T54: 0.5 | U54: 11
A55: 53 | B55: Волга | C55: Самарская обл | D55: Байбеков Р.Ш. | E55: Хананов Э.А. | H55: 2025-10-13 00:00:00+03:00 | I55: 2025-11-14 00:00:00+03:00 | J55: 20 | K55: 14.416667 | L55: 10 | M55: 10 | N55: 7 | O55: 0.5 | P55: 0.35 | Q55: ✅ | R55: 0 | S55: ❌ | T55: -0.3 | U55: 10
A56: 54 | B56: Северо-Запад | C56: Санкт-Петербург г | D56: Никон Е.В. | E56: Кондратьева И.А. | H56: 2025-10-15 00:00:00+03:00 | I56: 2025-10-30 00:00:00+03:00 | J56: 20 | K56: 12.4 | L56: 10 | M56: 16 | N56: 9 | O56: 0.8 | P56: 0.45 | Q56: ✅ | R56: 0.6 | S56: ❌ | T56: -0.1
A57: 55 | B57: Северо-Запад | C57: Санкт-Петербург г | D57: Альхимович Н.В. | E57: Дудченко Н.С. | H57: 2025-10-15 00:00:00+03:00 | I57: 2025-10-30 00:00:00+03:00 | J57: 20 | K57: 14 | L57: 10 | M57: 14 | N57: 16 | O57: 0.7 | P57: 0.8 | Q57: ✅ | R57: 0.4 | S57: ✅ | T57: 0.6 | U57: 19
A58: 56 | B58: Москва | C58: Москва г | D58: Скрылев А.В. | E58: Прищеп Л.П. | H58: 2025-10-15 00:00:00+03:00 | I58: 2025-10-29 00:00:00+03:00 | J58: 20 | K58: 14.583333 | L58: 10 | M58: 16 | N58: 16 | O58: 0.8 | P58: 0.8 | Q58: ✅ | R58: 0.6 | S58: ✅ | T58: 0.6 | U58: 15
A59: 57 | B59: Центр | C59: Тульская обл | D59: Артамонова А.Я. | E59: Потапова Е.А. | H59: 2025-10-15 00:00:00+03:00 | I59: 2025-11-13 00:00:00+03:00 | J59: 20 | K59: 15.777778 | L59: 10 | M59: 12 | N59: 13 | O59: 0.6 | P59: 0.65 | Q59: ✅ | R59: 0.2 | S59: ✅ | T59: 0.3 | U59: 15
A60: 58 | B60: Волга | C60: Нижегородская обл | D60: Дмитриева Е.В. | E60: Старцева В.А. | H60: 2025-10-15 00:00:00+03:00 | I60: 2025-11-10 00:00:00+03:00 | J60: 20 | K60: 13.363636 | L60: 10 | M60: 11 | N60: 10 | O60: 0.55 | P60: 0.5 | Q60: ✅ | R60: 0.1 | S60: ✅ | T60: 0 | U60: 10
A61: 59 | B61: Северо-Запад | C61: Санкт-Петербург г | D61: Никон Е.В. | E61: Ахмедова О.М. | H61: 2025-10-16 00:00:00+03:00 | I61: 2025-10-30 00:00:00+03:00 | J61: 20 | K61: 12.4 | L61: 10 | M61: 16 | N61: 10 | O61: 0.8 | P61: 0.5 | Q61: ✅ | R61: 0.6 | S61: ✅ | T61: 0
A62: 60 | B62: Северо-Запад | C62: Новгородская обл | D62: Павлов Д.А. | E62: Шилова А.И. | H62: 2025-10-12 00:00:00+03:00 | I62: 2025-10-29 00:00:00+03:00 | J62: 20 | K62: 13.666667 | L62: 10 | M62: 17 | N62: 18 | O62: 0.85 | P62: 0.9 | Q62: ✅ | R62: 0.7 | S62: ✅ | T62: 0.8 | U62: 18
A63: 61 | B63: Москва | C63: Московская обл | D63: Скрылев А.В. | E63: Терзи Т.И. | H63: 2025-10-15 00:00:00+03:00 | I63: 2025-10-30 00:00:00+03:00 | J63: 20 | K63: 14.583333 | L63: 10 | M63: 15 | N63: 17 | O63: 0.75 | P63: 0.85 | Q63: ✅ | R63: 0.5 | S63: ✅ | T63: 0.7 | U63: 15
A64: 62 | B64: Центр | C64: Воронежская обл | D64: Васильев О.С. | E64: Сёмина А.О. | H64: 2025-10-15 00:00:00+03:00 | I64: 2025-11-13 00:00:00+03:00 | J64: 20 | K64: 15.666667 | L64: 10 | M64: 15 | N64: 16 | O64: 0.75 | P64: 0.8 | Q64: ✅ | R64: 0.5 | S64: ✅ | T64: 0.6 | U64: 15
A65: 63 | B65: Волга | C65: Пензенская обл | D65: Гайдабура Н.А. | E65: Гридчина В.К. | H65: 2025-10-12 00:00:00+03:00 | I65: 2025-11-11 00:00:00+03:00 | J65: 20 | K65: 13.545455 | L65: 10 | M65: 15 | N65: 16 | O65: 0.75 | P65: 0.8 | Q65: ✅ | R65: 0.5 | S65: ✅ | T65: 0.6 | U65: 12
A66: 64 | B66: Северо-Запад | C66: Санкт-Петербург г | D66: Евсеева М.Ю. | E66: Мезенцева М.С. | H66: 2025-10-10 00:00:00+03:00 | I66: 2025-10-28 00:00:00+03:00 | J66: 20 | K66: 14.1 | L66: 10 | M66: 9 | N66: 9 | O66: 0.45 | P66: 0.45 | Q66: ❌ | R66: -0.1 | S66: ❌ | T66: -0.1 | U66: 14
A67: 65 | B67: Центр | C67: Воронежская обл | D67: Васильев О.С. | E67: Сергеева С.В. | H67: 2025-10-16 00:00:00+03:00 | I67: 2025-11-13 00:00:00+03:00 | J67: 20 | K67: 15.666667 | L67: 10 | M67: 15 | N67: 15 | O67: 0.75 | P67: 0.75 | Q67: ✅ | R67: 0.5 | S67: ✅ | T67: 0.5 | U67: 15
A68: 66 | B68: Москва | C68: Москва г | D68: Кавунова И.Г. | E68: Семенова Т.Н. | H68: 2025-10-08 00:00:00+03:00 | I68: 2025-11-11 00:00:00+03:00 | J68: 20 | K68: 12.5 | L68: 10 | M68: 12 | N68: 12 | O68: 0.6 | P68: 0.6 | Q68: ✅ | R68: 0.2 | S68: ✅ | T68: 0.2
A69: 67 | B69: Центр | C69: Рязанская обл | D69: Окунев И.М. | E69: Самбулова Н.В. | H69: 2025-10-15 00:00:00+03:00 | I69: 2025-10-28 00:00:00+03:00 | J69: 20 | K69: 13.222222 | L69: 10 | M69: 18 | N69: 12 | O69: 0.9 | P69: 0.6 | Q69: ✅ | R69: 0.8 | S69: ✅ | T69: 0.2 | U69: 17
A70: 68 | B70: Юг | C70: Крым Респ | D70: Туксина В.Н. | E70: Лотник Л.В. | H70: 2025-10-17 00:00:00+03:00 | I70: 2025-11-07 00:00:00+03:00 | J70: 20 | K70: 14.416667 | L70: 10 | M70: 19 | N70: 16 | O70: 0.95 | P70: 0.8 | Q70: ✅ | R70: 0.9 | S70: ✅ | T70: 0.6 | U70: 12
A71: 69 | B71: Волга | C71: Нижегородская обл | D71: Дмитриева Е.В. | E71: Ефремова В.К. | H71: 2025-10-09 00:00:00+03:00 | I71: 2025-11-12 00:00:00+03:00 | J71: 20 | K71: 13.363636 | L71: 10 | M71: 19 | N71: 13 | O71: 0.95 | P71: 0.65 | Q71: ✅ | R71: 0.9 | S71: ✅ | T71: 0.3 | U71: 10
A72: 70 | B72: Волга | C72: Саратовская обл | D72: Байбеков Р.Ш. | E72: Короткая Н.С. | H72: 2025-10-15 00:00:00+03:00 | I72: 2025-11-14 00:00:00+03:00 | J72: 20 | K72: 14.416667 | L72: 10 | M72: 20 | N72: 20 | O72: 1 | P72: 1 | Q72: ✅ | R72: 1 | S72: ✅ | T72: 1 | U72: 10
A73: 71 | B73: Волга | C73: Татарстан Респ | D73: Надирова К.М. | E73: Князева М.В. | H73: 2025-10-16 00:00:00+03:00 | I73: 2025-11-07 00:00:00+03:00 | J73: 20 | K73: 12.555556 | L73: 10 | M73: 15 | N73: 12 | O73: 0.75 | P73: 0.6 | Q73: ✅ | R73: 0.5 | S73: ✅ | T73: 0.2
A74: 72 | B74: Северо-Запад | C74: Калининградская обл | D74: Альхимович Н.В. | E74: Мерцалова Е.А. | H74: 2025-10-08 00:00:00+03:00 | I74: 2025-10-28 00:00:00+03:00 | J74: 20 | K74: 14 | L74: 10 | M74: 19 | N74: 17 | O74: 0.95 | P74: 0.85 | Q74: ✅ | R74: 0.9 | S74: ✅ | T74: 0.7 | U74: 19
A75: 73 | B75: Волга | C75: Самарская обл | D75: Байбеков Р.Ш. | E75: Дериенко М.В. | H75: 2025-10-15 00:00:00+03:00 | I75: 2025-11-14 00:00:00+03:00 | J75: 20 | K75: 14.416667 | L75: 10 | M75: 13 | N75: 15 | O75: 0.65 | P75: 0.75 | Q75: ✅ | R75: 0.3 | S75: ✅ | T75: 0.5 | U75: 10
A76: 74 | B76: Москва | C76: Москва г | D76: Котельникова Е.Б. | E76: Веденина Т.Ю. | H76: 2025-10-10 00:00:00+03:00 | I76: 2025-10-31 00:00:00+03:00 | J76: 20 | K76: 13.125 | L76: 10 | M76: 20 | N76: 13 | O76: 1 | P76: 0.65 | Q76: ✅ | R76: 1 | S76: ✅ | T76: 0.3 | U76: 17
A77: 75 | B77: Волга | C77: Ульяновская обл | D77: Байбеков Р.Ш. | E77: Муксинова В.А. | H77: 2025-10-15 00:00:00+03:00 | I77: 2025-11-14 00:00:00+03:00 | J77: 20 | K77: 14.416667 | L77: 10 | M77: 18 | N77: 19 | O77: 0.9 | P77: 0.95 | Q77: ✅ | R77: 0.8 | S77: ✅ | T77: 0.9 | U77: 10
A78: 76 | B78: Юг | C78: Волгоградская обл | D78: Касьян Т.С. | E78: Хрипуненко Ю.В. | H78: 2025-10-15 00:00:00+03:00 | I78: 2025-11-12 00:00:00+03:00 | J78: 20 | K78: 17 | L78: 10 | M78: 19 | N78: 17 | O78: 0.95 | P78: 0.85 | Q78: ✅ | R78: 0.9 | S78: ✅ | T78: 0.7 | U78: 17
A79: 77 | B79: Центр | C79: Белгородская обл | D79: Васильев О.С. | E79: Федченко И.Н. | H79: 2025-10-17 00:00:00+03:00 | I79: 2025-11-12 00:00:00+03:00 | J79: 20 | K79: 15.666667 | L79: 10 | M79: 16 | N79: 17 | O79: 0.8 | P79: 0.85 | Q79: ✅ | R79: 0.6 | S79: ✅ | T79: 0.7 | U79: 15
A80: 78 | B80: Центр | C80: Тульская обл | D80: Артамонова А.Я. | E80: Шумилина Ж.Н. | H80: 2025-10-15 00:00:00+03:00 | I80: 2025-11-14 00:00:00+03:00 | J80: 20 | K80: 15.777778 | L80: 10 | M80: 19 | N80: 19 | O80: 0.95 | P80: 0.95 | Q80: ✅ | R80: 0.9 | S80: ✅ | T80: 0.9 | U80: 15
A81: 79 | B81: Сибирь | C81: Новосибирская обл | D81: Зинченко Т.М. | E81: Ганина О.В. | H81: 2025-10-07 00:00:00+03:00 | I81: 2025-11-13 00:00:00+03:00 | J81: 20 | K81: 14.692308 | L81: 10 | M81: 17 | N81: 16 | O81: 0.85 | P81: 0.8 | Q81: ✅ | R81: 0.7 | S81: ✅ | T81: 0.6
A82: 80 | B82: Волга | C82: Татарстан Респ | D82: Дмитриева Е.В. | E82: Хазиева Э.С. | H82: 2025-10-14 00:00:00+03:00 | I82: 2025-11-12 00:00:00+03:00 | J82: 20 | K82: 13.363636 | L82: 10 | M82: 20 | N82: 13 | O82: 1 | P82: 0.65 | Q82: ✅ | R82: 1 | S82: ✅ | T82: 0.3 | U82: 10
A83: 81 | B83: Центр | C83: Калужская обл | D83: Артамонова А.Я. | E83: Кабанова И.А. | H83: 2025-10-14 00:00:00+03:00 | I83: 2025-11-13 00:00:00+03:00 | J83: 20 | K83: 15.777778 | L83: 10 | M83: 20 | N83: 20 | O83: 1 | P83: 1 | Q83: ✅ | R83: 1 | S83: ✅ | T83: 1 | U83: 15
A84: 82 | B84: Урал | C84: Башкортостан Респ | D84: Машукова О.М. | E84: Ваняшкина Е.С. | H84: 2025-10-19 00:00:00+03:00 | I84: 2025-11-05 00:00:00+03:00 | J84: 20 | K84: 13.7 | L84: 10 | M84: 11 | N84: 9 | O84: 0.55 | P84: 0.45 | Q84: ✅ | R84: 0.1 | S84: ❌ | T84: -0.1 | U84: 12
A85: 83 | B85: Урал | C85: Башкортостан Респ | D85: Машукова О.М. | E85: Лежнина Н.Ю. | H85: 2025-10-15 00:00:00+03:00 | I85: 2025-11-07 00:00:00+03:00 | J85: 20 | K85: 13.7 | L85: 10 | M85: 19 | N85: 11 | O85: 0.95 | P85: 0.55 | Q85: ✅ | R85: 0.9 | S85: ✅ | T85: 0.1 | U85: 12
A86: 84 | B86: Волга | C86: Удмуртская Респ | D86: Надирова К.М. | E86: Терентьева Е.Ю. | H86: 2025-10-13 00:00:00+03:00 | I86: 2025-10-29 00:00:00+03:00 | J86: 20 | K86: 12.555556 | L86: 10 | M86: 16 | N86: 16 | O86: 0.8 | P86: 0.8 | Q86: ✅ | R86: 0.6 | S86: ✅ | T86: 0.6
A87: 85 | B87: Москва | C87: Московская обл | D87: Давыдова Е.В. | E87: Лесничая М.А. | H87: 2025-10-09 00:00:00+03:00 | I87: 2025-11-11 00:00:00+03:00 | J87: 20 | K87: 13.727273 | L87: 10 | M87: 11 | N87: 12 | O87: 0.55 | P87: 0.6 | Q87: ✅ | R87: 0.1 | S87: ✅ | T87: 0.2 | U87: 10
A88: 86 | B88: Москва | C88: Москва г | D88: Мальцева А.А. | E88: Афанасьева Ю.А. | H88: 2025-10-12 00:00:00+03:00 | I88: 2025-11-14 00:00:00+03:00 | J88: 20 | K88: 12.1 | L88: 10 | M88: 13 | N88: 14 | O88: 0.65 | P88: 0.7 | Q88: ✅ | R88: 0.3 | S88: ✅ | T88: 0.4
A89: 87 | B89: Северо-Запад | C89: Вологодская обл | D89: Павлов Д.А. | E89: Сидорова Ю.Ю. | H89: 2025-10-14 00:00:00+03:00 | I89: 2025-11-06 00:00:00+03:00 | J89: 20 | K89: 13.666667 | L89: 10 | M89: 17 | N89: 18 | O89: 0.85 | P89: 0.9 | Q89: ✅ | R89: 0.7 | S89: ✅ | T89: 0.8 | U89: 18
A90: 88 | B90: Северо-Запад | C90: Санкт-Петербург г | D90: Евсеева М.Ю. | E90: Андреева М.В. | H90: 2025-10-13 00:00:00+03:00 | I90: 2025-11-14 00:00:00+03:00 | J90: 20 | K90: 14.1 | L90: 10 | M90: 19 | N90: 19 | O90: 0.95 | P90: 0.95 | Q90: ✅ | R90: 0.9 | S90: ✅ | T90: 0.9 | U90: 14
A91: 89 | B91: Северо-Запад | C91: Санкт-Петербург г | D91: Альхимович Н.В. | E91: Лукьянчикова Т.Ю. | H91: 2025-10-17 00:00:00+03:00 | I91: 2025-10-30 00:00:00+03:00 | J91: 20 | K91: 14 | L91: 10 | M91: 18 | N91: 11 | O91: 0.9 | P91: 0.55 | Q91: ✅ | R91: 0.8 | S91: ✅ | T91: 0.1 | U91: 19
A92: 90 | B92: Москва | C92: Москва г | D92: Котельникова Е.Б. | E92: Каминский Н.В. | H92: 2025-10-13 00:00:00+03:00 | I92: 2025-10-30 00:00:00+03:00 | J92: 20 | K92: 13.125 | L92: 10 | M92: 13 | N92: 11 | O92: 0.65 | P92: 0.55 | Q92: ✅ | R92: 0.3 | S92: ✅ | T92: 0.1 | U92: 17
A93: 91 | B93: Сибирь | C93: Кемеровская область - Кузбасс обл | D93: Миронова О.В. | E93: Пьянкова Т.Г. | H93: 2025-10-19 00:00:00+03:00 | I93: 2025-11-14 00:00:00+03:00 | J93: 20 | K93: 11.363636 | L93: 10 | M93: 19 | N93: 13 | O93: 0.95 | P93: 0.65 | Q93: ✅ | R93: 0.9 | S93: ✅ | T93: 0.3
A94: 92 | B94: Москва | C94: Москва г | D94: Кавунова И.Г. | E94: Разгуляева Т.А. | H94: 2025-10-08 00:00:00+03:00 | I94: 2025-10-29 00:00:00+03:00 | J94: 20 | K94: 12.5 | L94: 10 | M94: 14 | N94: 12 | O94: 0.7 | P94: 0.6 | Q94: ✅ | R94: 0.4 | S94: ✅ | T94: 0.2
A95: 93 | B95: Волга | C95: Оренбургская обл | D95: Гайдабура Н.А. | E95: Бабакова О.П. | H95: 2025-10-13 00:00:00+03:00 | I95: 2025-11-10 00:00:00+03:00 | J95: 20 | K95: 13.545455 | L95: 10 | M95: 10 | N95: 8 | O95: 0.5 | P95: 0.4 | Q95: ✅ | R95: 0 | S95: ❌ | T95: -0.2 | U95: 12
A96: 94 | B96: Волга | C96: Чувашская Республика - Чувашия | D96: Надирова К.М. | E96: Анисимова С.Ю. | H96: 2025-10-13 00:00:00+03:00 | I96: 2025-11-14 00:00:00+03:00 | J96: 20 | K96: 12.555556 | L96: 10 | M96: 14 | N96: 10 | O96: 0.7 | P96: 0.5 | Q96: ✅ | R96: 0.4 | S96: ✅ | T96: 0
A97: 95 | B97: Урал | C97: Тюменская обл | D97: Машукова О.М. | E97: Ласкина Н.А. | H97: 2025-10-13 00:00:00+03:00 | I97: 2025-11-12 00:00:00+03:00 | J97: 20 | K97: 13.7 | L97: 10 | M97: 15 | N97: 19 | O97: 0.75 | P97: 0.95 | Q97: ✅ | R97: 0.5 | S97: ✅ | T97: 0.9 | U97: 12
A98: 96 | B98: Юг | C98: Крым Респ | D98: Туксина В.Н. | E98: Зырянова Н.В. | H98: 2025-10-15 00:00:00+03:00 | I98: 2025-11-07 00:00:00+03:00 | J98: 20 | K98: 14.416667 | L98: 10 | M98: 18 | N98: 13 | O98: 0.9 | P98: 0.65 | Q98: ✅ | R98: 0.8 | S98: ✅ | T98: 0.3 | U98: 12
A99: 97 | B99: Юг | C99: Ростовская обл | D99: Касьян Т.С. | E99: Николаенко Е.А. | H99: 2025-10-06 00:00:00+03:00 | I99: 2025-11-05 00:00:00+03:00 | J99: 20 | K99: 17 | L99: 10 | M99: 18 | N99: 19 | O99: 0.9 | P99: 0.95 | Q99: ✅ | R99: 0.8 | S99: ✅ | T99: 0.9 | U99: 17
A100: 98 | B100: Центр | C100: Владимирская обл | D100: Окунев И.М. | E100: Бубенцова Ю.А. | H100: 2025-10-06 00:00:00+03:00 | I100: 2025-11-12 00:00:00+03:00 | J100: 20 | K100: 13.222222 | L100: 10 | M100: 20 | N100: 14 | O100: 1 | P100: 0.7 | Q100: ✅ | R100: 1 | S100: ✅ | T100: 0.4 | U100: 17
...

Sheet Рафамин_продажи
A1: МП | B1: Эшелон | C1: Регион | D1: `Выполнение плана %` | E1: оценка рук | F1: Прирост
A2: Давыдова С.В. | B2: 8. ПРОСПЕЦ_РФ | C2: Иркутская обл | D2: 74.35526981145706 | E2: 72.1311475409836 | F2: -5.247169290251312
A3: Озганбаева С.А. | B3: 8. ПРОРЕСПИ_РФ | C3: Ханты-Мансийский Автономный округ - Югра АО | D3: 100.09222256378727 | E3: 52.459016393442624 | F3: 29.052715021799447
A4: Проскурякова C.М. | B4: 8. ПРОСПЕЦ_РФ | C4: Тамбовская обл | D4: 100.1130710085934 | E4: 83.60655737704919 | F4: 78.36422240128928
A5: Вакуленко О.В. | B5: 8. ПРОСПЕЦ_РФ | C5: Пензенская обл | D5: 71.77040307648484 | E5: 96.72131147540983 | F5: -13.105707880669081
A6: Дудченко Н.С. | B6: 8. ПРОРЕСПИ_РФ | C6: Санкт-Петербург г | D6: 90.98768058483377 | E6: 81.9672131147541 | F6: 12.214377713113581
A7: Евдокимова Н.К. | B7: 8. НЕВРО2 | C7: Санкт-Петербург г | D7: 90.98768058483377 | E7: 70.49180327868852 | F7: 12.214377713113581
A8: Тындик А.В. | B8: 8. ПРОСПЕЦ_РФ | C8: Самарская обл | D8: 72.12290879654614 | E8: 63.934426229508205 | F8: -10.10636061714382
A9: Карья О.В. | B9: 8. ПРОРЕСПИ_РФ | C9: Вологодская обл | D9: 96.03408053555127 | E9: 63.934426229508205 | F9: 41.2291169451074
A10: Титова Е.В. | B10: 8. НЕВРО2 | C10: Воронежская обл | D10: 57.94022853794316 | E10: 70.49180327868852 | F10: 8.489919078315731
A11: Мезенцева М.С. | B11: 8. ПРОСПЕЦ_РФ | C11: Санкт-Петербург г | D11: 90.98768058483377 | E11: 50.81967213114754 | F11: 12.214377713113581
A12: Грекова Л.Л. | B12: 8. ПРОСПЕЦ_РФ | C12: Краснодарский край | D12: 76.73815352014907 | E12: 86.88524590163934 | F12: -5.040915050409151
... A501: Песчанская Ю.В. | B501: 8. ПРОСПЕЦ_РФ | C501: Санкт-Петербург г | D501: 90.98768058483377 | E501: 98.36065573770492 | F501: 12.214377713113581

Sheet Проспекта_продажа
A1: МП | B1: Эшелон | C1: Регион | D1: `Выполнение плана %` | E1: оценка рук | F1: Прирост
A2: Мезенцева М.С. | B2: 8. ПРОСПЕЦ_РФ | C2: Санкт-Петербург г | D2: 67.63837746215442 | E2: 50.81967213114754 | F2: 17.646012301123367
A3: Грекова Л.Л. | B3: 8. ПРОСПЕЦ_РФ | C3: Краснодарский край | D3: 79.69109916720808 | E3: 86.88524590163934 | F3: 20.15227748341422
A4: Беденкова Н.П. | B4: 8. ПРОРЕСПИ_РФ | C4: Воронежская обл | D4: 82.08987783595113 | E4: 86.88524590163934 | F4: 33.75988625255487
A5: Мастепанова Е.М. | B5: 8. НЕВРО1 | C5: Самарская обл | D5: 77.1954934126023 | E5: 67.21311475409836 | F5: 23.17016044033259
A6: Новикова Е.С. | B6: 8. ПРОРЕСПИ | C6: Московская обл | D6: 74.94190491896673 | E6: 73.77049180327869 | F6: 34.830339321357286
A7: Гридчина В.К. | B7: 8. РЕСПИ | C7: Пензенская обл | D7: 72.78817090107017 | E7: 91.80327868852459 | F7: 12.35813366960908
A8: Коромысличенко Е.А. | B8: 8. ПРОСПЕЦ_РФ | C8: Ставропольский край | D8: 83.31566910247113 | E8: 90.1639344262295 | F8: 17.64335223692502
A9: Кайгородцева Д.Н. | B9: 8. ПРОРЕСПИ_РФ | C9: Кемеровская область - Кузбасс обл | D9: 76.6218872870249 | E9: 68.85245901639344 | F9: 19.28079571537873
A10: Евдокимова Н.К. | B10: 8. НЕВРО2 | C10: Санкт-Петербург г | D10: 67.63837746215442 | E10: 70.49180327868852 | F10: 17.646012301123367
A11: Тындик А.В. | B11: 8. ПРОСПЕЦ_РФ | C11: Самарская обл | D11: 77.1954934126023 | E11: 63.934426229508205 | F11: 23.17016044033259
A12: Карья О.В. | B12: 8. ПРОРЕСПИ_РФ | C12: Вологодская обл | D12: 83.55682358535425 | E12: 63.934426229508205 | F12: 23.260381593714925
... A501: Песчанская Ю.В. | B501: 8. ПРОСПЕЦ_РФ | C501: Санкт-Петербург г | D501: 67.63837746215442 | E501: 98.36065573770492 | F501: 17.646012301123367

Sheet навыки техники продаж оценка
B1: Регион ММХ | C1: Область | D1: Менеджер | E1: Сотрудник | H1: Дата прохождения теста МП | I1: Дата прохождения теста рук. | J1: Максимальный балл | K1: Среднее по группе | L1: Базовый МП | M1: Оценка, мп. | N1: Оценка, рук. | O1: Оценка (мп.), % | P1: Оценка (рук.), % | Q1: Порог (мп.) | R1: Отклонение от Базового МП, % (мп.)) | S1: Порог (рук.) | T1: Отклонение от Базового МП, % (рук.)) | U1: ИМП по оценке руководителя
A2: 0 | B2: Москва | C2: Москва г | D2: Мальцева А.А. | E2: Абазова А.С. | H2: 2025-10-16 00:00:00+03:00 | I2: 2025-11-14 00:00:00+03:00 | J2: 12 | K2: 6.9 | L2: 6 | M2: 9 | N2: 7 | O2: 0.75 | P2: 0.58333333 | Q2: ✅ | R2: 0.5 | S2: ✅ | T2: 0.16666667
A3: 1 | B3: Центр | C3: Смоленская обл | D3: Глушков М.В. | E3: Михайлова М.А. | H3: 2025-10-07 00:00:00+03:00 | I3: 2025-11-14 00:00:00+03:00 | J3: 12 | K3: 7.7 | L3: 6 | M3: 11 | N3: 8 | O3: 0.91666667 | P3: 0.66666667 | Q3: ✅ | R3: 0.83333333 | S3: ✅ | T3: 0.33333333 | U3: 11
A4: 2 | B4: Юг | C4: Ростовская обл | D4: Касьян Т.С. | E4: Родионова И.С. | H4: 2025-10-15 00:00:00+03:00 | I4: 2025-10-29 00:00:00+03:00 | J4: 12 | K4: 9.0769231 | L4: 6 | M4: 6 | N4: 9 | O4: 0.5 | P4: 0.75 | Q4: ✅ | R4: 0 | S4: ✅ | T4: 0.5 | U4: 9
A5: 3 | B5: Сибирь | C5: Новосибирская обл | D5: Зинченко Т.М. | E5: Ильиных С.С. | H5: 2025-10-07 00:00:00+03:00 | I5: 2025-11-14 00:00:00+03:00 | J5: 12 | K5: 7.8461538 | L5: 6 | M5: 9 | N5: 6 | O5: 0.75 | P5: 0.5 | Q5: ✅ | R5: 0.5 | S5: ✅ | T5: 0
A6: 4 | B6: Центр | C6: Белгородская обл | D6: Васильев О.С. | E6: Федченко И.Н. | H6: 2025-10-17 00:00:00+03:00 | I6: 2025-11-12 00:00:00+03:00 | J6: 12 | K6: 8.2222222 | L6: 6 | M6: 9 | N6: 9 | O6: 0.75 | P6: 0.75 | Q6: ✅ | R6: 0.5 | S6: ✅ | T6: 0.5 | U6: 10
A7: 5 | B7: Москва | C7: Московская обл | D7: Скрылев А.В. | E7: Туркина В.С. | H7: 2025-10-15 00:00:00+03:00 | I7: 2025-10-31 00:00:00+03:00 | J7: 12 | K7: 9.0833333 | L7: 6 | M7: 10 | N7: 10 | O7: 0.83333333 | P7: 0.83333333 | Q7: ✅ | R7: 0.66666667 | S7: ✅ | T7: 0.66666667 | U7: 9
A8: 6 | B8: Волга | C8: Самарская обл | D8: Байбеков Р.Ш. | E8: Дериенко М.В. | H8: 2025-10-15 00:00:00+03:00 | I8: 2025-11-14 00:00:00+03:00 | J8: 12 | K8: 8.0833333 | L8: 6 | M8: 6 | N8: 6 | O8: 0.5 | P8: 0.5 | Q8: ✅ | R8: 0 | S8: ✅ | T8: 0 | U8: 7
A9: 7 | B9: Юг | C9: Ставропольский край | D9: Петровская О.В. | E9: Шестак М.И. | H9: 2025-10-19 00:00:00+03:00 | I9: 2025-11-06 00:00:00+03:00 | J9: 12 | K9: 8.3333333 | L9: 6 | M9: 9 | N9: 9 | O9: 0.75 | P9: 0.75 | Q9: ✅ | R9: 0.5 | S9: ✅ | T9: 0.5 | U9: 8
A10: 8 | B10: Урал | C10: Пермский край | D10: Митяшева О.Б. | E10: Гапликова О.Л. | H10: 2025-10-12 00:00:00+03:00 | I10: 2025-11-10 00:00:00+03:00 | J10: 12 | K10: 7.0909091 | L10: 6 | M10: 6 | N10: 7 | O10: 0.5 | P10: 0.58333333 | Q10: ✅ | R10: 0 | S10: ✅ | T10: 0.16666667 | U10: 7
A11: 9 | B11: Юг | C11: Краснодарский край | D11: Туксина В.Н. | E11: Бондаренко М.В. | H11: 2025-10-13 00:00:00+03:00 | I11: 2025-11-14 00:00:00+03:00 | J11: 12 | K11: 7.75 | L11: 6 | M11: 10 | N11: 7 | O11: 0.83333333 | P11: 0.58333333 | Q11: ✅ | R11: 0.66666667 | S11: ✅ | T11: 0.16666667 | U11: 9
A12: 10 | B12: Центр | C12: Орловская обл | D12: Артамонова А.Я. | E12: Зуйкина И.А. | H12: 2025-10-09 00:00:00+03:00 | I12: 2025-11-13 00:00:00+03:00 | J12: 12 | K12: 8.2222222 | L12: 6 | M12: 8 | N12: 8 | O12: 0.66666667 | P12: 0.66666667 | Q12: ✅ | R12: 0.33333333 | S12: ✅ | T12: 0.33333333 | U12: 9
A13: 11 | B13: Центр | C13: Воронежская обл | D13: Васильев О.С. | E13: Титова Е.В. | H13: 2025-10-07 00:00:00+03:00 | I13: 2025-11-13 00:00:00+03:00 | J13: 12 | K13: 8.2222222 | L13: 6 | M13: 9 | N13: 8 | O13: 0.75 | P13: 0.66666667 | Q13: ✅ | R13: 0.5 | S13: ✅ | T13: 0.33333333 | U13: 10
A14: 12 | B14: Урал | C14: Башкортостан Респ | D14: Митяшева О.Б. | E14: Егорова И.В. | H14: 2025-10-17 00:00:00+03:00 | I14: 2025-11-12 00:00:00+03:00 | J14: 12 | K14: 7.0909091 | L14: 6 | M14: 8 | N14: 8 | O14: 0.66666667 | P14: 0.66666667 | Q14: ✅ | R14: 0.33333333 | S14: ✅ | T14: 0.33333333 | U14: 7
A15: 13 | B15: Урал | C15: Башкортостан Респ | D15: Митяшева О.Б. | E15: Якушева А.А. | H15: 2025-10-17 00:00:00+03:00 | I15: 2025-11-13 00:00:00+03:00 | J15: 12 | K15: 7.0909091 | L15: 6 | M15: 7 | N15: 7 | O15: 0.58333333 | P15: 0.58333333 | Q15: ✅ | R15: 0.16666667 | S15: ✅ | T15: 0.16666667 | U15: 7
A16: 14 | B16: Москва | C16: Москва г | D16: Кавунова И.Г. | E16: Антонов Д.А. | H16: 2025-10-08 00:00:00+03:00 | I16: 2025-11-13 00:00:00+03:00 | J16: 12 | K16: 7.3333333 | L16: 6 | M16: 8 | N16: 7 | O16: 0.66666667 | P16: 0.58333333 | Q16: ✅ | R16: 0.33333333 | S16: ✅ | T16: 0.16666667
A17: 15 | B17: Сибирь | C17: Красноярский край | D17: Рассказчикова М.В. | E17: Шваб Н.А. | H17: 2025-10-10 00:00:00+03:00 | I17: 2025-10-30 00:00:00+03:00 | J17: 12 | K17: 9.2222222 | L17: 6 | M17: 10 | N17: 10 | O17: 0.83333333 | P17: 0.83333333 | Q17: ✅ | R17: 0.66666667 | S17: ✅ | T17: 0.66666667 | U17: 11
A18: 16 | B18: Волга | C18: Самарская обл | D18: Гайдабура Н.А. | E18: Бабордина Е.Н. | H18: 2025-10-14 00:00:00+03:00 | I18: 2025-11-11 00:00:00+03:00 | J18: 12 | K18: 7.6363636 | L18: 6 | M18: 11 | N18: 9 | O18: 0.91666667 | P18: 0.75 | Q18: ✅ | R18: 0.83333333 | S18: ✅ | T18: 0.5 | U18: 7
A19: 17 | B19: Урал | C19: Тюменская обл | D19: Машукова О.М. | E19: Мамедова Е.Ю. | H19: 2025-10-12 00:00:00+03:00 | I19: 2025-11-11 00:00:00+03:00 | J19: 12 | K19: 7.1 | L19: 6 | M19: 12 | N19: 9 | O19: 1 | P19: 0.75 | Q19: ✅ | R19: 1 | S19: ✅ | T19: 0.5 | U19: 10
A20: 18 | B20: Центр | C20: Тульская обл | D20: Артамонова А.Я. | E20: Шумилина Ж.Н. | H20: 2025-10-15 00:00:00+03:00 | I20: 2025-11-14 00:00:00+03:00 | J20: 12 | K20: 8.2222222 | L20: 6 | M20: 11 | N20: 9 | O20: 0.91666667 | P20: 0.75 | Q20: ✅ | R20: 0.83333333 | S20: ✅ | T20: 0.5 | U20: 9
A21: 19 | B21: Сибирь | C21: Новосибирская обл | D21: Зинченко Т.М. | E21: Ганина О.В. | H21: 2025-10-07 00:00:00+03:00 | I21: 2025-11-13 00:00:00+03:00 | J21: 12 | K21: 7.8461538 | L21: 6 | M21: 9 | N21: 7 | O21: 0.75 | P21: 0.58333333 | Q21: ✅ | R21: 0.5 | S21: ✅ | T21: 0.16666667
A22: 20 | B22: Волга | C22: Татарстан Респ | D22: Дмитриева Е.В. | E22: Хазиева Э.С. | H22: 2025-10-14 00:00:00+03:00 | I22: 2025-11-12 00:00:00+03:00 | J22: 12 | K22: 7.7272727 | L22: 6 | M22: 12 | N22: 7 | O22: 1 | P22: 0.58333333 | Q22: ✅ | R22: 1 | S22: ✅ | T22: 0.16666667 | U22: 8
A23: 21 | B23: Центр | C23: Калужская обл | D23: Артамонова А.Я. | E23: Кабанова И.А. | H23: 2025-10-14 00:00:00+03:00 | I23: 2025-11-13 00:00:00+03:00 | J23: 12 | K23: 8.2222222 | L23: 6 | M23: 10 | N23: 9 | O23: 0.83333333 | P23: 0.75 | Q23: ✅ | R23: 0.66666667 | S23: ✅ | T23: 0.5 | U23: 9
A24: 22 | B24: Урал | C24: Башкортостан Респ | D24: Машукова О.М. | E24: Ваняшкина Е.С. | H24: 2025-10-19 00:00:00+03:00 | I24: 2025-11-05 00:00:00+03:00 | J24: 12 | K24: 7.1 | L24: 6 | M24: 6 | N24: 4 | O24: 0.5 | P24: 0.33333333 | Q24: ✅ | R24: 0 | S24: ❌ | T24: -0.33333333 | U24: 10
A25: 23 | B25: Урал | C25: Курганская обл | D25: Преображенская А.В. | E25: Баскова И.В. | H25: 2025-10-19 00:00:00+03:00 | I25: 2025-11-14 00:00:00+03:00 | J25: 12 | K25: 9.1111111 | L25: 6 | M25: 10 | N25: 10 | O25: 0.83333333 | P25: 0.83333333 | Q25: ✅ | R25: 0.66666667 | S25: ✅ | T25: 0.66666667 | U25: 11
A26: 24 | B26: Москва | C26: Московская обл | D26: Давыдова Е.В. | E26: Алешина Л.Г. | H26: 2025-10-09 00:00:00+03:00 | I26: 2025-11-14 00:00:00+03:00 | J26: 12 | K26: 6.7272727 | L26: 6 | M26: 12 | N26: 8 | O26: 1 | P26: 0.66666667 | Q26: ✅ | R26: 1 | S26: ✅ | T26: 0.33333333 | U26: 7
A27: 25 | B27: Северо-Запад | C27: Вологодская обл | D27: Павлов Д.А. | E27: Карья О.В. | H27: 2025-10-17 00:00:00+03:00 | I27: 2025-11-06 00:00:00+03:00 | J27: 12 | K27: 7.3333333 | L27: 6 | M27: 6 | N27: 6 | O27: 0.5 | P27: 0.5 | Q27: ✅ | R27: 0 | S27: ✅ | T27: 0 | U27: 11
A28: 26 | B28: Юг | C28: Ростовская обл | D28: Касьян Т.С. | E28: Бойко Г.С. | H28: 2025-10-15 00:00:00+03:00 | I28: 2025-11-10 00:00:00+03:00 | J28: 12 | K28: 9.0769231 | L28: 6 | M28: 11 | N28: 9 | O28: 0.91666667 | P28: 0.75 | Q28: ✅ | R28: 0.83333333 | S28: ✅ | T28: 0.5 | U28: 9
A29: 27 | B29: Волга | C29: Пензенская обл | D29: Гайдабура Н.А. | E29: Гридчина В.К. | H29: 2025-10-12 00:00:00+03:00 | I29: 2025-11-11 00:00:00+03:00 | J29: 12 | K29: 7.6363636 | L29: 6 | M29: 9 | N29: 9 | O29: 0.75 | P29: 0.75 | Q29: ✅ | R29: 0.5 | S29: ✅ | T29: 0.5 | U29: 7
A30: 28 | B30: Северо-Запад | C30: Санкт-Петербург г | D30: Евсеева М.Ю. | E30: Мезенцева М.С. | H30: 2025-10-10 00:00:00+03:00 | I30: 2025-10-28 00:00:00+03:00 | J30: 12 | K30: 7.5 | L30: 6 | M30: 6 | N30: 6 | O30: 0.5 | P30: 0.5 | Q30: ✅ | R30: 0 | S30: ✅ | T30: 0 | U30: 8
A31: 29 | B31: Москва | C31: Москва г | D31: Кавунова И.Г. | E31: Разгуляева Т.А. | H31: 2025-10-08 00:00:00+03:00 | I31: 2025-10-29 00:00:00+03:00 | J31: 12 | K31: 7.3333333 | L31: 6 | M31: 10 | N31: 7 | O31: 0.83333333 | P31: 0.58333333 | Q31: ✅ | R31: 0.66666667 | S31: ✅ | T31: 0.16666667
A32: 30 | B32: Юг | C32: Волгоградская обл | D32: Касьян Т.С. | E32: Лаврентьева И.С. | H32: 2025-10-17 00:00:00+03:00 | I32: 2025-11-12 00:00:00+03:00 | J32: 12 | K32: 9.0769231 | L32: 6 | M32: 10 | N32: 10 | O32: 0.83333333 | P32: 0.83333333 | Q32: ✅ | R32: 0.66666667 | S32: ✅ | T32: 0.66666667 | U32: 9
A33: 31 | B33: Волга | C33: Татарстан Респ | D33: Надирова К.М. | E33: Хабирова Р.Р. | H33: 2025-10-12 00:00:00+03:00 | I33: 2025-11-10 00:00:00+03:00 | J33: 12 | K33: 7.5555556 | L33: 6 | M33: 8 | N33: 8 | O33: 0.66666667 | P33: 0.66666667 | Q33: ✅ | R33: 0.33333333 | S33: ✅ | T33: 0.33333333
A34: 32 | B34: Волга | C34: Татарстан Респ | D34: Надирова К.К. | E34: Федосеева С.В. | H34: 2025-10-13 00:00:00+03:00 | I34: 2025-11-10 00:00:00+03:00 | J34: 12 | K34: 6 | L34: 6 | M34: 7 | N34: 6 | O34: 0.58333333 | P34: 0.5 | Q34: ✅ | R34: 0.16666667 | S34: ✅ | T34: 0 | U34: 9
A35: 33 | B35: Юг | C35: Краснодарский край | D35: Туксина В.Н. | E35: Феофанова О.А. | H35: 2025-10-19 00:00:00+03:00 | I35: 2025-11-14 00:00:00+03:00 | J35: 12 | K35: 7.75 | L35: 6 | M35: 6 | N35: 5 | O35: 0.5 | P35: 0.41666667 | Q35: ✅ | R35: 0 | S35: ❌ | T35: -0.16666667 | U35: 9
A36: 34 | B36: Центр | C36: Ярославская обл | D36: Глушков М.В. | E36: Карпов С.С. | H36: 2025-10-07 00:00:00+03:00 | I36: 2025-11-14 00:00:00+03:00 | J36: 12 | K36: 7.7 | L36: 6 | M36: 7 | N36: 6 | O36: 0.58333333 | P36: 0.5 | Q36: ✅ | R36: 0.16666667 | S36: ✅ | T36: 0 | U36: 11
A37: 35 | B37: Юг | C37: Волгоградская обл | D37: Касьян Т.С. | E37: Тищенко А.В. | H37: 2025-10-15 00:00:00+03:00 | I37: 2025-11-10 00:00:00+03:00 | J37: 12 | K37: 9.0769231 | L37: 6 | M37: 9 | N37: 8 | O37: 0.75 | P37: 0.66666667 | Q37: ✅ | R37: 0.5 | S37: ✅ | T37: 0.33333333 | U37: 9
A38: 36 | B38: Северо-Запад | C38: Санкт-Петербург г | D38: Евсеева М.Ю. | E38: Евграфова М.В. | H38: 2025-10-14 00:00:00+03:00 | I38: 2025-10-30 00:00:00+03:00 | J38: 12 | K38: 7.5 | L38: 6 | M38: 12 | N38: 11 | O38: 1 | P38: 0.91666667 | Q38: ✅ | R38: 1 | S38: ✅ | T38: 0.83333333 | U38: 8
A39: 37 | B39: Урал | C39: Пермский край | D39: Митяшева О.Б. | E39: Бакланова О.В. | H39: 2025-10-12 00:00:00+03:00 | I39: 2025-11-10 00:00:00+03:00 | J39: 12 | K39: 7.0909091 | L39: 6 | M39: 7 | N39: 7 | O39: 0.58333333 | P39: 0.58333333 | Q39: ✅ | R39: 0.16666667 | S39: ✅ | T39: 0.16666667 | U39: 7
A40: 38 | B40: Юг | C40: Волгоградская обл | D40: Касьян Т.С. | E40: Балгурин А.В. | H40: 2025-10-15 00:00:00+03:00 | I40: 2025-11-13 00:00:00+03:00 | J40: 12 | K40: 9.0769231 | L40: 6 | M40: 10 | N40: 7 | O40: 0.83333333 | P40: 0.58333333 | Q40: ✅ | R40: 0.66666667 | S40: ✅ | T40: 0.16666667 | U40: 9
A41: 39 | B41: Волга | C41: Чувашская Республика - Чувашия | D41: Надирова К.М. | E41: Амусова Е.С. | H41: 2025-10-14 00:00:00+03:00 | I41: 2025-11-07 00:00:00+03:00 | J41: 12 | K41: 7.5555556 | L41: 6 | M41: 12 | N41: 7 | O41: 1 | P41: 0.58333333 | Q41: ✅ | R41: 1 | S41: ✅ | T41: 0.16666667
A42: 40 | B42: Сибирь | C42: Новосибирская обл | D42: Зинченко Т.М. | E42: Орлова Ю.В. | H42: 2025-10-07 00:00:00+03:00 | I42: 2025-11-13 00:00:00+03:00 | J42: 12 | K42: 7.8461538 | L42: 6 | M42: 10 | N42: 8 | O42: 0.83333333 | P42: 0.66666667 | Q42: ✅ | R42: 0.66666667 | S42: ✅ | T42: 0.33333333
A43: 41 | B43: Сибирь | C43: Омская обл | D43: Зинченко Т.М. | E43: Маслик А.Ю. | H43: 2025-10-06 00:00:00+03:00 | I43: 2025-11-14 00:00:00+03:00 | J43: 12 | K43: 7.8461538 | L43: 6 | M43: 10 | N43: 10 | O43: 0.83333333 | P43: 0.83333333 | Q43: ✅ | R43: 0.66666667 | S43: ✅ | T43: 0.66666667
A44: 42 | B44: Центр | C44: Рязанская обл | D44: Окунев И.М. | E44: Самбулова Н.В. | H44: 2025-10-15 00:00:00+03:00 | I44: 2025-10-28 00:00:00+03:00 | J44: 12 | K44: 6.2222222 | L44: 6 | M44: 8 | N44: 6 | O44: 0.66666667 | P44: 0.5 | Q44: ✅ | R44: 0.33333333 | S44: ✅ | T44: 0 | U44: 11
A45: 43 | B45: Юг | C45: Крым Респ | D45: Туксина В.Н. | E45: Лотник Л.В. | H45: 2025-10-17 00:00:00+03:00 | I45: 2025-11-07 00:00:00+03:00 | J45: 12 | K45: 7.75 | L45: 6 | M45: 12 | N45: 9 | O45: 1 | P45: 0.75 | Q45: ✅ | R45: 1 | S45: ✅ | T45: 0.5 | U45: 9
A46: 44 | B46: Волга | C46: Нижегородская обл | D46: Дмитриева Е.В. | E46: Ефремова В.К. | H46: 2025-10-09 00:00:00+03:00 | I46: 2025-11-12 00:00:00+03:00 | J46: 12 | K46: 7.7272727 | L46: 6 | M46: 12 | N46: 7 | O46: 1 | P46: 0.58333333 | Q46: ✅ | R46: 1 | S46: ✅ | T46: 0.16666667 | U46: 8
A47: 45 | B47: Москва | C47: Москва г | D47: Скрылев А.В. | E47: Прищеп Л.П. | H47: 2025-10-15 00:00:00+03:00 | I47: 2025-10-29 00:00:00+03:00 | J47: 12 | K47: 9.0833333 | L47: 6 | M47: 10 | N47: 8 | O47: 0.83333333 | P47: 0.66666667 | Q47: ✅ | R47: 0.66666667 | S47: ✅ | T47: 0.33333333 | U47: 9
A48: 46 | B48: Урал | C48: Башкортостан Респ | D48: Машукова О.М. | E48: Лежнина Н.Ю. | H48: 2025-10-15 00:00:00+03:00 | I48: 2025-11-07 00:00:00+03:00 | J48: 12 | K48: 7.1 | L48: 6 | M48: 10 | N48: 8 | O48: 0.83333333 | P48: 0.66666667 | Q48: ✅ | R48: 0.66666667 | S48: ✅ | T48: 0.33333333 | U48: 10
A49: 47 | B49: Юг | C49: Краснодарский край | D49: Туксина В.Н. | E49: Кокоева Е.А. | H49: 2025-10-17 00:00:00+03:00 | I49: 2025-11-11 00:00:00+03:00 | J49: 12 | K49: 7.75 | L49: 6 | M49: 10 | N49: 10 | O49: 0.83333333 | P49: 0.83333333 | Q49: ✅ | R49: 0.66666667 | S49: ✅ | T49: 0.66666667 | U49: 9
A50: 48 | B50: Урал | C50: Башкортостан Респ | D50: Машукова О.М. | E50: Курбангулова Г.Ю. | H50: 2025-10-17 00:00:00+03:00 | I50: 2025-11-07 00:00:00+03:00 | J50: 12 | K50: 7.1 | L50: 6 | M50: 9 | N50: 7 | O50: 0.75 | P50: 0.58333333 | Q50: ✅ | R50: 0.5 | S50: ✅ | T50: 0.16666667 | U50: 10
A51: 49 | B51: Сибирь | C51: Иркутская обл | D51: Погорелова Е.В. | E51: Давыдова С.В. | H51: 2025-10-16 00:00:00+03:00 | I51: 2025-10-29 00:00:00+03:00 | J51: 12 | K51: 5.5 | L51: 6 | M51: 7 | N51: 6 | O51: 0.58333333 | P51: 0.5 | Q51: ✅ | R51: 0.16666667 | S51: ✅ | T51: 0 | U51: 9
A52: 50 | B52: Москва | C52: Московская обл | D52: Давыдова Е.В. | E52: Лесничая М.А. | H52: 2025-10-09 00:00:00+03:00 | I52: 2025-11-11 00:00:00+03:00 | J52: 12 | K52: 6.7272727 | L52: 6 | M52: 5 | N52: 6 | O52: 0.41666667 | P52: 0.5 | Q52: ❌ | R52: -0.16666667 | S52: ✅ | T52: 0 | U52: 7
A53: 51 | B53: Москва | C53: Московская обл | D53: Скрылев А.В. | E53: Атаханова А.Г. | H53: NaT | I53: 2025-11-14 00:00:00+03:00 | J53: 12 | K53: 9.0833333 | L53: 6 | N53: 7 | P53: 0.58333333 | Q53: ❌ | S53: ✅ | T53: 0.16666667 | U53: 9
A54: 52 | B54: Центр | C54: Курская обл | D54: Васильев О.С. | E54: Коваленко О.С. | H54: 2025-10-16 00:00:00+03:00 | I54: 2025-11-13 00:00:00+03:00 | J54: 12 | K54: 8.2222222 | L54: 6 | M54: 9 | N54: 9 | O54: 0.75 | P54: 0.75 | Q54: ✅ | R54: 0.5 | S54: ✅ | T54: 0.5 | U54: 10
A55: 53 | B55: Центр | C55: Ивановская обл | D55: Окунев И.М. | E55: Ковезина О.В. | H55: 2025-10-09 00:00:00+03:00 | I55: 2025-11-06 00:00:00+03:00 | J55: 12 | K55: 6.2222222 | L55: 6 | M55: 9 | N55: 6 | O55: 0.75 | P55: 0.5 | Q55: ✅ | R55: 0.5 | S55: ✅ | T55: 0 | U55: 11
A56: 54 | B56: Юг | C56: Крым Респ | D56: Туксина В.Н. | E56: Машталяр С.В. | H56: 2025-10-19 00:00:00+03:00 | I56: 2025-11-11 00:00:00+03:00 | J56: 12 | K56: 7.75 | L56: 6 | M56: 9 | N56: 5 | O56: 0.75 | P56: 0.41666667 | Q56: ✅ | R56: 0.5 | S56: ❌ | T56: -0.16666667 | U56: 9
A57: 55 | B57: Урал | C57: Пермский край | D57: Митяшева О.Б. | E57: Бахмина Т.В. | H57: 2025-10-13 00:00:00+03:00 | I57: 2025-11-05 00:00:00+03:00 | J57: 12 | K57: 7.0909091 | L57: 6 | M57: 10 | N57: 6 | O57: 0.83333333 | P57: 0.5 | Q57: ✅ | R57: 0.66666667 | S57: ✅ | T57: 0 | U57: 7
A58: 56 | B58: Волга | C58: Самарская обл | D58: Байбеков Р.Ш. | E58: Хананов Э.А. | H58: 2025-10-13 00:00:00+03:00 | I58: 2025-11-14 00:00:00+03:00 | J58: 12 | K58: 8.0833333 | L58: 6 | M58: 6 | N58: 6 | O58: 0.5 | P58: 0.5 | Q58: ✅ | R58: 0 | S58: ✅ | T58: 0 | U58: 7
A59: 57 | B59: Северо-Запад | C59: Новгородская обл | D59: Павлов Д.А. | E59: Шилова А.И. | H59: 2025-10-12 00:00:00+03:00 | I59: 2025-10-29 00:00:00+03:00 | J59: 12 | K59: 7.3333333 | L59: 6 | M59: 10 | N59: 9 | O59: 0.83333333 | P59: 0.75 | Q59: ✅ | R59: 0.66666667 | S59: ✅ | T59: 0.5 | U59: 11
A60: 58 | B60: Москва | C60: Московская обл | D60: Скрылев А.В. | E60: Терзи Т.И. | H60: 2025-10-15 00:00:00+03:00 | I60: 2025-10-30 00:00:00+03:00 | J60: 12 | K60: 9.0833333 | L60: 6 | M60: 8 | N60: 11 | O60: 0.66666667 | P60: 0.91666667 | Q60: ✅ | R60: 0.33333333 | S60: ✅ | T60: 0.83333333 | U60: 9
A61: 59 | B61: Москва | C61: Москва г | D61: Мальцева А.А. | E61: Афанасьева Ю.А. | H61: 2025-10-12 00:00:00+03:00 | I61: 2025-11-14 00:00:00+03:00 | J61: 12 | K61: 6.9 | L61: 6 | M61: 10 | N61: 8 | O61: 0.83333333 | P61: 0.66666667 | Q61: ✅ | R61: 0.66666667 | S61: ✅ | T61: 0.33333333
A62: 60 | B62: Северо-Запад | C62: Вологодская обл | D62: Павлов Д.А. | E62: Сидорова Ю.Ю. | H62: 2025-10-14 00:00:00+03:00 | I62: 2025-11-06 00:00:00+03:00 | J62: 12 | K62: 7.3333333 | L62: 6 | M62: 9 | N62: 9 | O62: 0.75 | P62: 0.75 | Q62: ✅ | R62: 0.5 | S62: ✅ | T62: 0.5 | U62: 11
A63: 61 | B63: Северо-Запад | C63: Санкт-Петербург г | D63: Евсеева М.Ю. | E63: Андреева М.В. | H63: 2025-10-13 00:00:00+03:00 | I63: 2025-11-14 00:00:00+03:00 | J63: 12 | K63: 7.5 | L63: 6 | M63: 7 | N63: 8 | O63: 0.58333333 | P63: 0.66666667 | Q63: ✅ | R63: 0.16666667 | S63: ✅ | T63: 0.33333333 | U63: 8
A64: 62 | B64: Центр | C64: Костромская обл | D64: Глушков М.В. | E64: Фролова Н.Н. | H64: 2025-10-15 00:00:00+03:00 | I64: 2025-11-14 00:00:00+03:00 | J64: 12 | K64: 7.7 | L64: 6 | M64: 7 | N64: 7 | O64: 0.58333333 | P64: 0.58333333 | Q64: ✅ | R64: 0.16666667 | S64: ✅ | T64: 0.16666667 | U64: 11
A65: 63 | B65: Центр | C65: Тульская обл | D65: Артамонова А.Я. | E65: Потапова Е.А. | H65: 2025-10-15 00:00:00+03:00 | I65: 2025-11-13 00:00:00+03:00 | J65: 12 | K65: 8.2222222 | L65: 6 | M65: 7 | N65: 7 | O65: 0.58333333 | P65: 0.58333333 | Q65: ✅ | R65: 0.16666667 | S65: ✅ | T65: 0.16666667 | U65: 9
A66: 64 | B66: Волга | C66: Нижегородская обл | D66: Дмитриева Е.В. | E66: Старцева В.А. | H66: 2025-10-15 00:00:00+03:00 | I66: 2025-11-10 00:00:00+03:00 | J66: 12 | K66: 7.7272727 | L66: 6 | M66: 7 | N66: 6 | O66: 0.58333333 | P66: 0.5 | Q66: ✅ | R66: 0.16666667 | S66: ✅ | T66: 0 | U66: 8
A67: 65 | B67: Северо-Запад | C67: Санкт-Петербург г | D67: Никон Е.В. | E67: Ахмедова О.М. | H67: 2025-10-16 00:00:00+03:00 | I67: 2025-10-30 00:00:00+03:00 | J67: 12 | K67: 7 | L67: 6 | M67: 7 | N67: 5 | O67: 0.58333333 | P67: 0.41666667 | Q67: ✅ | R67: 0.16666667 | S67: ❌ | T67: -0.16666667
A68: 66 | B68: Волга | C68: Чувашская Республика - Чувашия | D68: Надирова К.М. | E68: Анисимова С.Ю. | H68: 2025-10-13 00:00:00+03:00 | I68: 2025-11-14 00:00:00+03:00 | J68: 12 | K68: 7.5555556 | L68: 6 | M68: 8 | N68: 7 | O68: 0.66666667 | P68: 0.58333333 | Q68: ✅ | R68: 0.33333333 | S68: ✅ | T68: 0.16666667
A69: 67 | B69: Сибирь | C69: Кемеровская область - Кузбасс обл | D69: Миронова О.В. | E69: Черкасова О.В. | H69: 2025-10-08 00:00:00+03:00 | I69: 2025-11-14 00:00:00+03:00 | J69: 12 | K69: 6 | L69: 6 | M69: 9 | N69: 6 | O69: 0.75 | P69: 0.5 | Q69: ✅ | R69: 0.5 | S69: ✅ | T69: 0
A70: 68 | B70: Москва | C70: Москва г | D70: Кавунова И.Г. | E70: Семенова Т.Н. | H70: 2025-10-08 00:00:00+03:00 | I70: 2025-11-11 00:00:00+03:00 | J70: 12 | K70: 7.3333333 | L70: 6 | M70: 8 | N70: 6 | O70: 0.66666667 | P70: 0.5 | Q70: ✅ | R70: 0.33333333 | S70: ✅ | T70: 0
A71: 69 | B71: Юг | C71: Астраханская обл | D71: Петровская О.В. | E71: Хайрлиева Г.С. | H71: 2025-10-17 00:00:00+03:00 | I71: 2025-11-07 00:00:00+03:00 | J71: 12 | K71: 8.3333333 | L71: 6 | M71: 10 | N71: 9 | O71: 0.83333333 | P71: 0.75 | Q71: ✅ | R71: 0.66666667 | S71: ✅ | T71: 0.5 | U71: 8
A72: 70 | B72: Урал | C72: Башкортостан Респ | D72: Машукова О.М. | E72: Шастова И.С. | H72: 2025-10-16 00:00:00+03:00 | I72: 2025-11-09 00:00:00+03:00 | J72: 12 | K72: 7.1 | L72: 6 | M72: 10 | N72: 9 | O72: 0.83333333 | P72: 0.75 | Q72: ✅ | R72: 0.66666667 | S72: ✅ | T72: 0.5 | U72: 10
A73: 71 | B73: Северо-Запад | C73: Санкт-Петербург г | D73: Евсеева М.Ю. | E73: Евдокимова Н.К. | H73: 2025-10-13 00:00:00+03:00 | I73: 2025-10-30 00:00:00+03:00 | J73: 12 | K73: 7.5 | L73: 6 | M73: 8 | N73: 7 | O73: 0.66666667 | P73: 0.58333333 | Q73: ✅ | R73: 0.33333333 | S73: ✅ | T73: 0.16666667 | U73: 8
A74: 72 | B74: Юг | C74: Волгоградская обл | D74: Касьян Т.С. | E74: Хрипуненко Ю.В. | H74: 2025-10-15 00:00:00+03:00 | I74: 2025-11-12 00:00:00+03:00 | J74: 12 | K74: 9.0769231 | L74: 6 | M74: 9 | N74: 10 | O74: 0.75 | P74: 0.83333333 | Q74: ✅ | R74: 0.5 | S74: ✅ | T74: 0.66666667 | U74: 9
A75: 73 | B75: Северо-Запад | C75: Санкт-Петербург г | D75: Никон Е.В. | E75: Песчанская Ю.В. | H75: 2025-10-16 00:00:00+03:00 | I75: 2025-10-30 00:00:00+03:00 | J75: 12 | K75: 7 | L75: 6 | M75: 9 | N75: 10 | O75: 0.75 | P75: 0.83333333 | Q75: ✅ | R75: 0.5 | S75: ✅ | T75: 0.66666667
A76: 74 | B76: Центр | C76: Владимирская обл | D76: Окунев И.М. | E76: Бубенцова Ю.А. | H76: 2025-10-06 00:00:00+03:00 | I76: 2025-11-12 00:00:00+03:00 | J76: 12 | K76: 6.2222222 | L76: 6 | M76: 10 | N76: 6 | O76: 0.83333333 | P76: 0.5 | Q76: ✅ | R76: 0.66666667 | S76: ✅ | T76: 0 | U76: 11
A77: 75 | B77: Сибирь | C77: Кемеровская область - Кузбасс обл | D77: Миронова О.В. | E77: Усова Р.Р. | H77: 2025-10-19 00:00:00+03:00 | I77: 2025-11-11 00:00:00+03:00 | J77: 12 | K77: 6 | L77: 6 | M77: 8 | N77: 8 | O77: 0.66666667 | P77: 0.66666667 | Q77: ✅ | R77: 0.33333333 | S77: ✅ | T77: 0.33333333
A78: 76 | B78: Центр | C78: Тульская обл | D78: Артамонова А.Я. | E78: Попова М.Н. | H78: 2025-10-15 00:00:00+03:00 | I78: 2025-11-13 00:00:00+03:00 | J78: 12 | K78: 8.2222222 | L78: 6 | M78: 8 | N78: 8 | O78: 0.66666667 | P78: 0.66666667 | Q78: ✅ | R78: 0.33333333 | S78: ✅ | T78: 0.33333333 | U78: 9
A79: 77 | B79: Волга | C79: Удмуртская Респ | D79: Надирова К.М. | E79: Терентьева Е.Ю. | H79: 2025-10-13 00:00:00+03:00 | I79: 2025-10-29 00:00:00+03:00 | J79: 12 | K79: 7.5555556 | L79: 6 | M79: 10 | N79: 8 | O79: 0.83333333 | P79: 0.66666667 | Q79: ✅ | R79: 0.66666667 | S79: ✅ | T79: 0.33333333
A80: 78 | B80: Москва | C80: Москва г | D80: Кавунова И.Г. | E80: Иванова А.В. | H80: 2025-10-08 00:00:00+03:00 | I80: 2025-11-07 00:00:00+03:00 | J80: 12 | K80: 7.3333333 | L80: 6 | M80: 9 | N80: 7 | O80: 0.75 | P80: 0.58333333 | Q80: ✅ | R80: 0.5 | S80: ✅ | T80: 0.16666667
A81: 79 | B81: Урал | C81: Курганская обл | D81: Преображенская А.В. | E81: Кольцова Е.В. | H81: 2025-10-09 00:00:00+03:00 | I81: 2025-11-14 00:00:00+03:00 | J81: 12 | K81: 9.1111111 | L81: 6 | M81: 8 | N81: 10 | O81: 0.66666667 | P81: 0.83333333 | Q81: ✅ | R81: 0.33333333 | S81: ✅ | T81: 0.66666667 | U81: 11
A82: 80 | B82: Урал | C82: Башкортостан Респ | D82: Митяшева О.Б. | E82: Зегер Е.О. | H82: 2025-10-07 00:00:00+03:00 | I82: 2025-11-12 00:00:00+03:00 | J82: 12 | K82: 7.0909091 | L82: 6 | M82: 11 | N82: 8 | O82: 0.91666667 | P82: 0.66666667 | Q82: ✅ | R82: 0.83333333 | S82: ✅ | T82: 0.33333333 | U82: 7
A83: 81 | B83: Сибирь | C83: Кемеровская область - Кузбасс обл | D83: Миронова О.В. | E83: Кайгородцева Д.Н. | H83: 2025-10-20 00:00:00+03:00 | I83: 2025-11-11 00:00:00+03:00 | J83: 12 | K83: 6 | L83: 6 | M83: 9 | N83: 7 | O83: 0.75 | P83: 0.58333333 | Q83: ✅ | R83: 0.5 | S83: ✅ | T83: 0.16666667
A84: 82 | B84: Волга | C84: Оренбургская обл | D84: Гайдабура Н.А. | E84: Бабакова О.П. | H84: 2025-10-13 00:00:00+03:00 | I84: 2025-11-10 00:00:00+03:00 | J84: 12 | K84: 7.6363636 | L84: 6 | M84: 6 | N84: 5 | O84: 0.5 | P84: 0.41666667 | Q84: ✅ | R84: 0 | S84: ❌ | T84: -0.16666667 | U84: 7
A85: 83 | B85: Москва | C85: Москва г | D85: Котельникова Е.Б. | E85: Каманова А.А. | H85: 2025-10-13 00:00:00+03:00 | I85: 2025-10-30 00:00:00+03:00 | J85: 12 | K85: 7.375 | L85: 6 | M85: 9 | N85: 6 | O85: 0.75 | P85: 0.5 | Q85: ✅ | R85: 0.5 | S85: ✅ | T85: 0 | U85: 12
A86: 84 | B86: Урал | C86: Челябинская обл | D86: Преображенская А.В. | E86: Жарков Н.С. | H86: 2025-10-13 00:00:00+03:00 | I86: 2025-11-14 00:00:00+03:00 | J86: 12 | K86: 9.1111111 | L86: 6 | M86: 9 | N86: 9 | O86: 0.75 | P86: 0.75 | Q86: ✅ | R86: 0.5 | S86: ✅ | T86: 0.5 | U86: 11
A87: 85 | B87: Юг | C87: Северная Осетия - Алания Респ | D87: Петровская О.В. | E87: Хохаева С.В. | H87: 2025-10-15 00:00:00+03:00 | I87: 2025-11-14 00:00:00+03:00 | J87: 12 | K87: 8.3333333 | L87: 6 | M87: 11 | N87: 11 | O87: 0.91666667 | P87: 0.91666667 | Q87: ✅ | R87: 0.83333333 | S87: ✅ | T87: 0.83333333 | U87: 8
A88: 86 | B88: Москва | C88: Москва г | D88: Котельникова Е.Б. | E88: Касимова М.М. | H88: 2025-10-14 00:00:00+03:00 | I88: 2025-10-29 00:00:00+03:00 | J88: 12 | K88: 7.375 | L88: 6 | M88: 12 | N88: 7 | O88: 1 | P88: 0.58333333 | Q88: ✅ | R88: 1 | S88: ✅ | T88: 0.16666667 | U88: 12
A89: 87 | B89: Москва | C89: Москва г | D89: Мальцева А.А. | E89: Шебалкова Т.Н. | H89: 2025-10-10 00:00:00+03:00 | I89: 2025-11-12 00:00:00+03:00 | J89: 12 | K89: 6.9 | L89: 6 | M89: 10 | N89: 11 | O89: 0.83333333 | P89: 0.91666667 | Q89: ✅ | R89: 0.66666667 | S89: ✅ | T89: 0.83333333
A90: 88 | B90: Юг | C90: Ростовская обл | D90: Касьян Т.С. | E90: Николаенко Е.А. | H90: 2025-10-06 00:00:00+03:00 | I90: 2025-11-05 00:00:00+03:00 | J90: 12 | K90: 9.0769231 | L90: 6 | M90: 7 | N90: 10 | O90: 0.58333333 | P90: 0.83333333 | Q90: ✅ | R90: 0.16666667 | S90: ✅ | T90: 0.66666667 | U90: 9
A91: 89 | B91: Урал | C91: Свердловская обл | D91: Преображенская А.В. | E91: Ананьева Т.А. | H91: 2025-10-16 00:00:00+03:00 | I91: 2025-11-14 00:00:00+03:00 | J91: 12 | K91: 9.1111111 | L91: 6 | M91: 8 | N91: 8 | O91: 0.66666667 | P91: 0.66666667 | Q91: ✅ | R91: 0.33333333 | S91: ✅ | T91: 0.33333333 | U91: 11
A92: 90 | B92: Урал | C92: Свердловская обл | D92: Дерюгина Е.П. | E92: Козлова Е.С. | H92: 2025-10-17 00:00:00+03:00 | I92: 2025-11-12 00:00:00+03:00 | J92: 12 | K92: 7.2727273 | L92: 6 | M92: 8 | N92: 7 | O92: 0.66666667 | P92: 0.58333333 | Q92: ✅ | R92: 0.33333333 | S92: ✅ | T92: 0.16666667 | U92: 7
A93: 91 | B93: Юг | C93: Ростовская обл | D93: Касьян Т.С. | E93: Русина Ю.В. | H93: 2025-10-19 00:00:00+03:00 | I93: 2025-11-11 00:00:00+03:00 | J93: 12 | K93: 9.0769231 | L93: 6 | M93: 9 | N93: 10 | O93: 0.75 | P93: 0.83333333 | Q93: ✅ | R93: 0.5 | S93: ✅ | T93: 0.66666667 | U93: 9
A94: 92 | B94: Урал | C94: Свердловская обл | D94: Дерюгина Е.П. | E94: Боровиков А.Ю. | H94: 2025-10-15 00:00:00+03:00 | I94: 2025-11-12 00:00:00+03:00 | J94: 12 | K94: 7.2727273 | L94: 6 | M94: 6 | N94: 7 | O94: 0.5 | P94: 0.58333333 | Q94: ✅ | R94: 0 | S94: ✅ | T94: 0.16666667 | U94: 7
A95: 93 | B95: Сибирь | C95: Приморский край | D95: Погорелова Е.В. | E95: Козлова О.В. | H95: 2025-10-16 00:00:00+03:00 | I95: 2025-11-06 00:00:00+03:00 | J95: 12 | K95: 5.5 | L95: 6 | M95: 6 | N95: 4 | O95: 0.5 | P95: 0.33333333 | Q95: ✅ | R95: 0 | S95: ❌ | T95: -0.33333333 | U95: 9
A96: 94 | B96: Урал | C96: Челябинская обл | D96: Дерюгина Е.П. | E96: Звонова О.А. | H96: 2025-10-07 00:00:00+03:00 | I96: 2025-11-12 00:00:00+03:00 | J96: 12 | K96: 7.2727273 | L96: 6 | M96: 9 | N96: 8 | O96: 0.75 | P96: 0.66666667 | Q96: ✅ | R96: 0.5 | S96: ✅ | T96: 0.33333333 | U96: 7
A97: 95 | B97: Москва | C97: Москва г | D97: Мальцева А.А. | E97: Кравцова А.С. | H97: NaT | I97: 2025-11-14 00:00:00+03:00 | J97: 12 | K97: 6.9 | L97: 6 | N97: 6 | P97: 0.5 | Q97: ❌ | S97: ✅ | T97: 0
A98: 96 | B98: Центр | C98: Брянская обл | D98: Артамонова А.Я. | E98: Артюхова А.В. | H98: 2025-10-17 00:00:00+03:00 | I98: 2025-11-13 00:00:00+03:00 | J98: 12 | K98: 8.2222222 | L98: 6 | M98: 12 | N98: 11 | O98: 1 | P98: 0.91666667 | Q98: ✅ | R98: 1 | S98: ✅ | T98: 0.83333333 | U98: 9
A99: 97 | B99: Сибирь | C99: Новосибирская обл | D99: Зинченко Т.М. | E99: Андреева Н.В. | H99: 2025-10-07 00:00:00+03:00 | I99: 2025-11-13 00:00:00+03:00 | J99: 12 | K99: 7.8461538 | L99: 6 | M99: 11 | N99: 8 | O99: 0.91666667 | P99: 0.66666667 | Q99: ✅ | R99: 0.83333333 | S99: ✅ | T99: 0.33333333
A100: 98 | B100: Волга | C100: Кировская обл | D100: Дмитриева Е.В. | E100: Шестакова М.В. | H100: 2025-10-07 00:00:00+03:00 | I100: 2025-11-09 00:00:00+03:00 | J100: 12 | K100: 7.7272727 | L100: 6 | M100: 8 | N100: 6 | O100: 0.66666667 | P100: 0.5 | Q100: ✅ | R100: 0.33333333 | S100: ✅ | T100: 0 | U100: 8
...
